id,x,y
000c8fad-0cd0-4b94-a7cb-07b9244374d3,-0.31699781821003975,0.0020627879375737426
00109cb3-6fd8-4cbf-aec5-bc9afa154438,0.7403268897613555,0.3384804541919766
00526ee8-443d-4447-b9c8-2827450bdd5b,-0.21367676909039635,-0.5993582597827734
00c14244-03d2-4a33-a588-efaa0990e1cb,0.7155476494326647,-0.6552965349120757
00c17090-a0b4-4d27-a3ac-02b5b40764b4,0.7647760272264437,-0.06892140498181162
00ec516b-33f5-47d9-b30c-10af576429b0,0.34451424150068855,0.4756689637245217
01947ad5-d9ae-4c67-a9d3-42db2cb84868,-0.6729190586558458,0.6677662528313866
01edc2f7-d28f-47bc-bb95-3ca26a1d7068,0.25080973442923243,-0.09961215473313051
0241e8a0-49a8-45d6-8754-ad9854798672,0.2486444696562186,-0.49415482289782775
028591ae-8d4f-456b-a084-cb3dd903a4dc,0.8291680247851818,0.3532698258680283
02871905-c9d5-4707-bd95-b352057f3204,0.3295315579166981,-0.5870148106177053
02abbefb-c138-46f1-9c1f-5250bf4fdeb9,0.1279640242603077,0.6107794168439474
02c1c4dc-9897-449b-9c0c-4d1d146b4d32,-0.20564470530910667,-0.15061978205282756
02e5df72-8f98-4413-9394-74c3c38583da,-0.5348383570102703,-0.19557756694348855
0402ff50-b70a-40d6-a949-599bb2741540,-0.8332002658329106,-0.4595534267196421
05288ee8-25f8-49e0-8d10-94965cd7fef2,-0.38907184225314245,-0.4499793211539992
052f1a10-169e-4686-9075-9d28486254f4,-0.5937956340470435,0.25238017800168233
05f03f7b-c6d1-411f-8749-b043141b066d,-0.3254495052025668,0.5733484181574163
061c523a-3963-48b9-b243-830e70941c12,-0.53125669656304,-0.043679286873107674
064e91f2-9cdb-4fca-9a1e-1832316297d7,-0.9442722576089919,-0.34355393506768805
064ebc91-cdc1-453e-9b64-40df060e8342,-0.7005042209775311,-0.39034560665698936
067eb31f-0692-4f56-b586-6d722b8146f5,-0.7473674672439511,0.005405476939603996
07944be6-66e5-4b9b-9427-6d000be6fd3c,0.07965281418027782,0.056343591800742616
0834b28f-1542-4a5d-8e3f-bd3cd59546ae,0.5415573736920207,-0.32110316612614803
0876365d-b634-444c-bd45-8731f2ade719,-0.4674326728661299,0.6127693663539308
08789e1d-a6f4-4b01-9f57-06f33519727a,0.5721165271793897,0.1859516731313823
089887aa-89e7-42c7-b30d-02d9928b4616,0.120194484877606,0.8837530397069654
08f5dd9d-9f17-41c2-b9e9-4eaab68b9130,0.6767155617301361,-0.5274637612317368
091b081f-7b22-4b04-af58-5c51abb813b9,-0.2542975151176515,-0.04045882708064136
0942a054-af79-43ce-883e-264b4dc94de7,-0.5147469098852808,-0.014886974935884253
0945bd2a-8301-48c4-b97d-e605841ec70e,0.23036940411192058,-0.07162391516490352
0a1adc27-8383-40e7-826a-562b281cab94,0.4026251599369357,-0.6390821955888083
0a816993-7481-46eb-a92b-e777ce9c4490,0.03362071444294908,0.2358598968041673
0ab17854-2260-43fb-ae8a-c65842e7fbe9,0.10736772676020191,-0.5642305529797722
0ad0cb5f-7c16-43e7-a605-ca30ba61c605,0.28017418560033197,0.877874259227039
0b657433-5078-4757-adf1-b66c58fab0b7,-0.7487883178882033,0.0762660407466121
0b72610d-380b-44d6-bffd-a1b94cff3b4b,0.43916362105407,0.18459467334861945
0b74a654-4a4b-4b6f-8495-87a483ec9a82,-0.5556701284368634,-0.36117870667869506
0bdb6972-18c6-4f91-a4dd-334026be88fa,0.15040148748105475,0.5858212274549529
0be36214-9fc4-4a68-90fb-cb5016601f97,-0.8561961511522007,-0.5060685497542659
0be6927c-e821-4d0f-b9b2-81788a906f8c,0.18708920489680322,0.39438621327462303
0c395c5a-8822-4a83-8407-0d327a041275,-0.7711690641363615,-0.2745428831460529
0c66af04-1b0f-48f7-9e5b-d85c2fb0ca2e,-0.6745111006163321,-0.274534818647741
0c887a87-05b3-481f-a52a-5f4e1c7856ff,-0.9577340906283694,-0.539909251811367
0c8ee7b9-0b44-4b27-bc30-c310dabd0040,0.03024679322320562,-0.4982404782093811
0ca89662-e73e-4a9f-822e-ede8efe0597f,-0.4443439424492171,0.698999892176792
0cc4ac08-c0dc-4a5f-bebd-3267f974d989,-0.06505324485178964,-0.5041094535466764
0ccd3887-16d8-4b03-ba1f-2a25e9fa8d67,0.8569103406422233,0.695891256447963
0d5dc6ee-4790-404a-9c25-b979ccd215f9,-0.9425409904925987,-0.387829475995401
0d69344a-723b-42ed-adb2-c4da1a1f9e69,-0.29640180974576896,-0.2867140191364839
0d7691e3-6ebf-4b4d-8f36-e1c56bed55de,-0.31139532572835427,0.1757300577222441
0da8302d-81c7-4221-9e46-0d92111ee7df,-0.3356366423765234,0.14167649041290997
0dffa031-51da-461a-aad8-7ed05820f464,-0.9590477888479781,0.08297607237843523
0e5b6a08-e89e-4194-8127-16637899aa27,0.16236933354575672,0.7060676880658451
0ef7e550-8c85-4aa9-b98f-ef8bf7a1a09f,0.4829537374394867,-0.2177825740787222
0f37f478-2940-488c-b76b-253276211835,-0.6385652745059459,0.5932843878507972
0f3ba9ac-8b67-4098-b9a2-a267b31cab43,0.4361846675133724,0.5807853675044059
0f574097-5076-438a-ac98-69a1d1595be3,-0.26250388062596686,-0.06889099313471302
0f59a209-d380-4f90-88e8-f9ff63ec7aff,0.3003337885476519,0.7126300062697208
0fd9a30b-5053-4da9-a34a-2008f06a1d51,-0.25795168388557876,-0.41390410557453206
0ff5556e-f8d7-4c15-ae67-1696e1189f94,0.32356412020943665,0.38514278344040626
10019570-b8e6-4e18-9da6-1ab1b2128c9f,-0.32931866692924117,0.9290546123616823
105f5d27-2ad6-48a1-9a89-716d800d23a8,0.7095769075280649,-0.32516921204635263
10d54e23-01a7-4c3f-9a98-0d355702c65e,-0.025260615895614104,-0.06995010100040311
111cbd85-420d-48f9-aa1b-9e221636e2c7,-0.10359777224743279,0.4747451710049631
1133520b-30f7-4aea-9501-1548d6083514,0.32705532579121027,0.6505094938115055
11539587-0cd3-4624-a797-c7896575905a,0.12052167359828508,0.5923636248132477
11b5679a-5306-4afb-8b64-4a52b788634b,-0.36555580059254156,0.3492141080311962
12790f08-960d-4097-9019-cc33545a06c5,0.6743753087221395,-0.27353626928516817
1293033b-1c66-43d3-844a-4e14523034d6,-0.3252897261628227,-0.7027594586619175
12bd07b2-3c26-45c9-99d2-5958cf101d3a,0.5965799435121701,-0.7748199118998792
1332db2c-9ef9-4f6a-b1d1-031f1371d5f3,-0.4757102857182345,0.5784108197855166
134b098a-3fd2-409f-a605-919c179225ad,-0.6748161496277088,-0.3610761673154163
1355f45b-d0f6-4fd4-8efe-16a8ab7ea1fa,-0.4069171222921197,0.3215231279805044
13639afb-6349-489a-8152-2cb64e69376a,-0.4406481361560808,-0.1934971625352073
1377dc63-cdb1-45a5-88de-6eff53a1e857,0.522029145991893,-0.0050484537036527884
13c6659c-18e7-481e-a83f-345569c161ba,0.1064848972729973,0.4212560946989624
146bb67c-7536-4615-af27-38651e13d6bc,0.39352457419242426,-0.31642314178126324
14b4a6be-991f-44f5-baab-3cbb1a67f9c6,0.6687600984369658,0.6940001098433379
15111a0f-3d4c-4f04-bb83-0cb95bad214f,0.46766390832979515,-0.7469932462444719
1596fa96-1b24-49db-a2df-e6093f3c1dca,0.205514530339815,0.4448831978621107
15e349e1-283f-498a-9fdb-f838459fccd8,-0.8457911637424618,-0.05570972665469666
15f957fa-491b-4f76-8cf1-56ddfffb2994,-0.3583666283767364,-0.026157195050552338
15fca8a4-9964-42b0-83fd-591adcfb2ed0,0.7417169934124699,-0.12898423631200157
16879023-3788-4625-a5b1-aee35c5901d7,0.1018939603718545,0.4377415814858516
169b987f-4cfa-407a-879b-5ed671f975d7,-0.7645794587008332,-0.3050124918020825
171c2b1b-5d57-421b-94a4-0126d154d931,-0.5075706257907971,-0.5387652438442553
17733b08-df04-4770-b860-3b2402763d6a,-0.6131602022192562,-0.6633433258740102
177b727a-092f-4fdc-ba2e-91750c437982,0.42146086071768996,-0.6771929562989794
17874e97-e69a-426b-9bd5-d82d40589d0d,0.49743056835923427,0.3264220878026124
1814dcf1-d738-4d13-ab28-bcc24b4ea910,0.3392342338446938,0.628078489811344
183e1a56-227a-4096-8c1b-dfe201e3d63b,0.38096602848079403,0.06803981710196548
18641d1f-7fe0-426a-93ad-78aa979e92ef,0.2487339658047914,0.05628175168104606
187f6354-69ff-43d5-96b9-3b3ce1ae3249,-0.21577922112489506,-0.055665717782797816
18b6e57e-d80e-4f36-b2d8-6873e8704bdc,0.1617592548647119,0.6655536593862327
195b4312-1e79-43e8-a22c-ac65e1d633bd,-0.297246475177529,-0.548128377988888
1987bee6-8762-4c22-8e8d-0dbe6f09aa20,-0.7454737455310549,-0.6951478995148476
19bd26e4-4a83-4108-b6f2-5e994f5303b3,0.37185406350050504,0.1151740162037606
19e6c9e4-d606-4898-9466-a1c1f9b77d1b,-0.6788260373520957,0.22114856948484643
1a08b46f-04f9-478e-aaae-770118705c89,-0.7815775596710978,-0.3554935395464811
1a27b313-634a-49f9-a776-8b0419ab0211,0.5972974848902614,0.582833248732834
1a8f45d8-34c7-449a-be8d-a47f3e63e234,-0.31595836365607965,0.05724520389346462
1b296602-94af-4786-801c-6b939e799045,-0.2851286619746115,-0.5588493115262667
1b493e67-ffc6-4411-b2db-4338a3b0ffda,-0.35668118081040084,0.3349071983038364
1b89792a-5c59-47ef-aade-94f227538b50,-0.3582343302709284,-0.5450183421139078
1bb08d0e-c3ae-4a2b-ba58-e27849297c14,0.4227281315778623,0.3807231815402986
1bd6411a-5d6c-40ea-a897-210d12364b28,0.7565257719711626,0.6904387005362949
1c18d304-00f4-47af-b738-fed85ecbb2c3,-0.7554282054120894,-0.1473130184330054
1c27db93-8461-4048-8248-6d2f0ebb6c0d,-0.3283068208387331,0.5427422902040996
1c7ae284-7cd1-4845-8e11-96676622b2be,0.6149072336624903,-0.3258108993787084
1d1f2feb-5943-40c6-95df-99caf071acae,0.7533192099084702,0.6743499500214385
1d2db4c3-0003-4b47-9809-1bc62cd2ee6a,-0.5645365068697114,-0.49020187619636296
1d320a79-6e8b-4474-ba21-33dd0dd9958c,0.3016172412204177,0.010685486756743419
1d502923-b022-45e4-95df-f19ebe822923,-0.3653302637740777,0.5452344555303236
1d577a36-ce4d-4e22-a05e-a88c04ae388c,-0.32955346568507093,0.7928780968675201
1d608bc3-259a-42ea-9658-f1a99fee6311,0.62554251611969,-0.3428552884294841
1e0dbf28-5e22-42f7-8352-149209aeb920,-0.1546256274195405,-0.21866129950586283
1e4da2b5-fc14-44aa-99ac-cc279eb1e53f,0.6473538770286346,-0.5790443958998205
1e5adb8b-7630-4ef4-a190-59ac712fc2d3,-0.016629814822820773,-0.19777892863298757
1e6ccb55-b638-4a9c-8ed8-d168bff07096,-0.741544410984908,-0.3201543786100884
1e83d4de-a660-4842-8753-0892047b3bbc,-0.13901560309702587,0.7998905196463779
1eadd717-2736-4321-ba69-89c9fc4fb5d9,0.02387662569046864,-0.03884484048064314
1ed3350a-e39c-4f90-8769-508c7994710d,-0.3062259163466418,-0.03071853716677588
1f9442d2-a001-400f-b050-f52fe855febd,-0.4848227996265161,0.507111768922708
200e26d6-b682-40fe-b51f-635fe8e9e35d,-0.029822475160800527,0.6725058866469124
2014cf56-c97b-4411-ac09-5d5c9402b19f,0.768965172205708,0.7236037473380363
20157794-505e-440f-90fb-44ebb90a7655,-0.48101111918210604,-0.6107734028055875
20a2f106-d013-40a2-b935-e91de144cf24,0.0718288299292314,0.01830716257435457
211fe157-413d-44c6-84bb-c403aca4e9ea,-0.6528239672757313,-0.18973092656271168
21917a45-9943-494c-a386-c116a6add21d,-0.969868404320416,0.16845237298669236
21f56fb1-b2aa-409d-8540-32b7e9f0c81d,-0.3849514776218879,0.34581155730195806
223b104d-fda5-4ebf-a3a5-e25a2cdb2b0d,0.40097469343690945,-0.6886953135197642
2293caea-78b2-428d-9e8a-c529f22ea2ea,0.6390351410734455,-0.557537754532714
22e3d175-18b5-4b09-bac9-24795d703a1f,-0.4728627718113261,0.5320879133159988
22f8d53a-fcd3-4c9c-87b4-9ff6c1d91d9e,-0.949408174700304,-0.25802366401468685
233f609b-b1b0-4913-b223-ad03988078ca,-0.4980142367989847,-0.1637230720741097
238f66e2-d8d1-46ee-aae5-622f68db2a55,0.25910243873183963,-0.1291299467539852
239bb5e0-a752-467d-86b0-d6a05b6ac266,0.0022076225402785804,0.08668333997341353
23ce942d-6e19-4c68-8d43-8d8073b05c57,-0.8201595226238668,-0.07461029787793014
23e058c4-4c63-4851-b55b-55c334f82eae,0.7537272818707721,-0.2659459034364663
245ddf2b-b635-4bec-b91d-93d14c2bc208,-0.19503783818615356,0.5420719775611418
246a3106-12cc-43db-a247-b0130baec201,-0.4276399427366227,-0.6554380422185354
24773c40-61bf-4937-a167-7f1a3af3fd1e,0.06754231550933947,0.23593284125420005
247b6288-99a6-4c69-9dc0-b059dbe5c184,-0.7682987075497157,-0.6495423022795657
24bb127b-022e-476c-9eab-cc72ce64c04f,0.6161793705153872,0.705843150714122
250ea2e5-6b7d-4f19-b297-d581bbb4ab6a,0.893288802675238,-0.61803564999181
253b191d-203b-4201-9eda-b649e28a6b6a,-0.17330795502518995,-0.0753162498632877
2564046b-87c7-41ee-95e6-65629648576a,0.6635445329404707,-0.3784509506193859
2570dc04-542c-4c95-b090-138b8283fbf7,-0.33925802610199085,0.36695403210630534
25ad86cb-6435-455a-904b-61009c8c6a4b,0.7600634914444058,0.2538649510954428
25b83113-cb10-4741-b714-f5c4df8d3844,0.630145876412764,0.6476816257403941
25da9755-f032-488a-8223-c98404e1346b,0.6686895311103074,-0.1037143530889264
26082bcd-20a5-4b0c-831c-aae008a72bff,0.7501677291090317,-0.15890385486503175
2634d16b-1050-4079-90ce-1fa7fda2239b,0.6952071524578666,0.24766105457491666
26394d77-952c-4f70-857e-dcc381e5efc6,-0.49987448439327703,0.5844571798150725
26466f8f-e980-43b8-93b5-86187f321d47,0.1220065942457308,-0.18710622675790625
264fd23b-2b15-42a8-a3a7-8175d1cea9f7,0.5638863810982858,-0.7597541315759836
2714ba6c-531e-4cf6-af12-4dd850162c65,0.8902357365262393,-0.2150879437124101
2785112c-da0f-4c8c-9f25-582bd2008ada,0.8008455727594183,0.3419761931471247
27a10ed7-a705-4e69-b23b-f6eeaf3d068d,-0.1848759509403908,0.14964813598189297
27d1a0c5-d3a0-4746-a9f5-ae25f99ae11c,0.5930838795800536,-0.4576929268602102
27f73086-65b0-49ef-9a63-7004ff44870c,0.9753080081624512,-0.2814998486767711
28bcf9d3-59cb-41ea-8b1a-2d3f6ee4ef4a,-0.2242098645494034,0.30951884557395437
291d0ce2-4541-4d72-b0bd-95fb3123dc97,0.9455124000280415,0.07785783271944922
29f4c0a9-e8f7-4c87-add4-198fd455fa9e,0.41462794433833805,-0.7189263269636967
2a48c439-d0a1-4171-adf0-36cea53bf8fb,-0.4146457778447257,-0.8513919419669022
2a78eeb0-4f5e-4ae6-a023-2b81e1cb15e7,-0.06015702593961473,-0.23673890846531812
2a80959d-1344-4cc8-8aea-5e928c8520d4,-0.5290645998404857,0.27425290284702125
2a949a9d-63ae-4201-a635-aaf6b850ad2d,0.878300836741335,-0.567003737063015
2b06b688-66e5-4203-8c8a-2fedd3ebcb68,0.9069930485164504,-0.6084385693169954
2b13d1cb-cd1f-4fd1-94fe-8389ed2154d7,0.06766614629712957,0.8557959649767597
2b5615eb-dd74-41bc-8806-88cb4a19a336,0.5501100642008115,0.45769571870313547
2b878e84-7726-4a2f-b263-76d4c609215b,-0.12170010847677554,-0.0802739163110937
2b913d1a-ebb8-4b71-b830-b6be89d82d4b,0.08756455946348335,0.8000387370878002
2baa0542-2e42-4cbc-8807-5eb1ba960dc0,-0.9440945567467068,-0.519302443077891
2bc5a335-9040-4309-8a7c-935c2d9ce21d,-0.06693943584032148,0.6811728122531074
2bc9d2b7-a43d-460c-b846-b6573b1d0ef0,0.35562517401284177,-0.5909097545095358
2c3bf081-e2f7-4737-9700-41f6a50a8c37,-0.3232913370037229,0.9103836059063735
2c6a67f4-1437-469e-a32f-4d636f727173,0.20719015396884669,0.6927733381937261
2ce89e3f-f7ad-490f-a947-35a0b9bc384d,0.5498034809896892,-0.2885711919499356
2dc95aa8-24b6-48f9-83ee-79bcbbfc29f8,0.8701654773744424,-0.2263424775795864
2dd9fd00-5c86-4981-8bfe-9c4265d993be,-0.3227042045390805,-0.6097434439479624
2dea76da-b2f6-42a3-88d6-46b8471907f0,-0.26880932659540974,-0.08445442609622396
2df1598a-8b19-4e7d-9135-91ff61dcb225,-0.7827852564849896,-0.6021213087412886
2f6f5792-b445-4c4c-a41c-7274aab4c10a,0.0015851943891931918,-0.011225426159152684
2fb40785-34aa-4c7a-8bfc-868ad7c6d46a,-0.3666517366762278,0.8910561297912495
2fe5707a-de0a-40fd-8a62-33dc3a41eae3,-0.2811897736783129,-0.19048734690680977
300a93da-ae98-48e3-8561-ade29bc5000d,0.7339671817621003,-0.641475307195298
3069f5d7-9d02-4e6f-a8fe-cf2301042203,0.10575523238963358,0.8759571056705917
3151f258-9ac6-44eb-94ce-dd164a6e4df3,0.04208985759818994,0.24677691930119375
316ab9d2-d682-460c-b9ed-5b076141988c,0.9182029348323524,0.2895461163976326
31d00d4b-a958-4f71-b71f-ebb6d6537bf5,0.5702802175981715,-0.37463768804750724
3277176e-9b54-44ee-b4c7-e7a0bf726393,-0.09125157823772677,-0.1691402953443312
32917118-737f-4f67-a998-83606e27af50,0.011329262731497727,0.42037512654212095
32ad0a43-9e53-4bae-abbb-37648c35f346,-0.8176118698478758,0.28671476089584724
32add035-4fca-4bc5-968b-a188173971ef,0.8087898826572749,-0.32164986087013475
3301b908-5f72-431f-b8d9-8927410b467f,0.9343112966754723,-0.22888037850294632
332b803b-a066-45f9-94df-3d54b784ffd3,0.03414451509233182,0.08155165019944274
335b307e-18c0-4147-b360-105cd4aa3bf4,0.6415988060308918,0.5379380133201201
33751777-1746-4b48-b30b-919c0e48bddb,0.30984241722152356,0.6633540024098935
33778939-6ac9-41ae-8e16-91a56b72c3f1,-0.37596385742900246,0.2940631339770253
339274e2-a16b-46bc-a509-61cb02dc3e55,-0.7699100042775812,-0.21693045226574464
33d99ecc-31c6-4fa5-9b6b-5c7ad82a5b10,-0.14828808093848866,-0.2646286106651577
33ef16a4-d26c-4512-a2e3-0ac57320734a,0.5316641000102836,-0.800406558448011
33f08b5b-7325-4e42-88e2-35aa1ce10bc6,-0.33729272786888986,-0.10978125685554013
342349eb-1a05-475a-843d-d624acff1460,0.3006696080635038,1.0630605900275767
3521674c-e687-459a-81ed-2f9479e72562,0.6357688822471149,-0.42211612113131614
3542d3e5-8be0-4b45-9d7e-85ca1f89c2ed,-0.16052973682008684,0.24864224979427751
3594442e-d928-421b-a8c9-f82e168f6b3e,-0.2084260936096691,0.8607619450221994
35b38f5e-dac2-4015-8dc5-c4091dfcb1d8,0.2592777554729582,-0.4089729255723174
35fc965c-e78e-422b-9c16-2d42afbc9d17,-0.2426198842598169,-0.6556717187399692
36bf8969-5108-4b26-a679-9ec5ad3a6cdb,-0.08124074187636879,-0.18297129319223124
36d640be-b66c-46f8-b235-2713033ddd9c,-0.3420341445061381,-0.5498160761227223
36ddb11f-7bf9-4370-9b28-c3dd29602723,-0.38677906026485687,0.8220147196040883
370cae67-98e0-40e0-9ac6-06ef6ab5de09,-0.2848432477936482,-0.10323132920934722
370dd068-13b2-4cd8-ba07-f67382f462e9,-0.40194713975825647,0.7606879813093294
375aaf39-a4e2-4ddc-b6a1-39e0e6531381,-0.46284754673404527,0.5689102098272912
37bcefe0-fe4b-4531-ac3c-7bd773773a0d,0.9253283119837642,-0.5195310075684604
38391b90-9dfb-4f54-9b84-fad6458a9caf,-0.4989683267180315,0.653483535069459
386b78f9-1d1e-4ff4-a0d0-73f765d982c4,0.9414173246059122,-0.21145183057988898
3885ad55-0210-4bf6-a78f-eba7529d3b32,-0.48674691362666783,0.23305121791964695
389e3cb0-e008-49a5-972d-46041ac4201a,0.8228375682480251,-0.35386004686337186
38ac21dc-c1e7-4554-a2c9-fb12bf41b4dc,0.5606481170710932,-0.7255979840959995
38c435cd-6c22-4fe1-a948-e3a6899d6996,-0.2651131677642401,-0.13993148272244985
39555693-5dac-402a-850f-0508c7de9a96,-0.8007986072828923,-0.5902776092093293
395aed62-76a6-4ff6-aae2-6be180167445,-0.3078206766406593,-0.657875777918701
39ae0b1e-7636-43a4-8f99-c828a7291638,0.43956996280967797,-0.4749458158426289
39b81fe3-c746-4473-8681-c2c5ecf7a57d,0.6544409610417479,0.3183267974132168
3a253df6-655b-41af-b86e-f54af8de622f,0.17381295565544563,-0.7089250093645794
3a620dc5-4ec5-4203-9425-72edb04c7dac,-0.6735226952661942,-0.29308800136247537
3ac79ad3-519d-4c8e-a199-f9f6317418bd,0.2820626376301751,0.03313403646533869
3b7205b2-854e-41f1-b84f-bf06ce4cee68,-0.2478982209921973,0.44279051716426493
3bae724c-ccd3-4917-b5c4-6f6655ce44c8,-0.667804727232958,0.16385924432788632
3c01060e-0e4d-4aab-b9b9-3c3d5d93b3cd,-0.467858103843394,-0.0828930337073752
3c428dba-0c1b-4654-bd89-fac67ba1a1d7,0.340189309193169,0.7010119436876602
3c535a50-a4d2-433d-ba21-708bcfac6be8,-0.4841751917269206,-0.21423047284242444
3cca8162-5cf2-4cc2-a934-5de8f2396c08,-0.5162613404607991,0.502884471453443
3d135d6e-987b-40b8-9aef-9bd8d15fa92d,0.7349993836923616,-0.09346513357603885
3d970be7-0d49-4c0e-9994-1cc798447605,0.5801763005201499,0.7124542870383649
3dc0c1cd-205a-4867-9d89-343c37942d48,-0.8797187164721646,-0.2200530601201556
3e1763f6-0870-4f07-8877-fbb3f1db7a07,-0.40088959503188415,-0.15500282594580048
3e232414-67da-4e8a-b263-7945365c7442,0.28499208906858337,-0.6273046340688203
3e2434ee-c4d7-490c-8029-08f21a66c32b,0.47755369994566527,-0.7767591066302686
3e2c57a9-9c6f-40be-a6c2-2a64dcb792d2,0.32323863996691554,0.11482453925484373
3e32fe9f-5ca1-41af-b421-a9ad94af716c,0.03568108591586906,0.5185597389933413
3e497a2c-79cd-4846-b9ee-a165c9353a53,-0.2943059158116436,-0.16129513758417985
3e51dcb7-bef2-4ea2-80f9-afbeb3d36c63,0.1500002149017041,-0.5137251025820887
3e59d902-91f9-42ed-83ce-ea3ccfb3131e,-0.15499788642662915,0.4616484422106255
3e7e75a4-fbc3-425c-869c-cb65db16ba4b,-0.4703202264121799,-0.24445350750159148
3e8c3e31-8093-4bb9-bc2f-ceaa27caf4bc,-0.5380604497975405,-0.22729130564817243
3ee14537-932e-4c1c-b1da-04711f45982f,0.8379681571014331,-0.4949135948819894
3ee73772-0ab2-4840-a305-f3387627ae46,0.6577269435015282,0.7452286214129231
3eedd989-9a6a-44cf-ae73-3e848030ee6f,0.01887911913400067,0.38983715108741035
3fb194af-998d-4315-b21b-56366c1f5620,-0.025259394622172925,0.6933428689178199
4055ef41-6520-4782-af92-24d5dbee25ee,-0.9546158542118879,-0.22036143547028975
4065ce17-8603-41c6-987f-d958cf09ebf8,-0.7849276516891153,-0.569865750517505
408bf460-bafe-44e1-8ad3-51b0fe7c8de5,0.7174208480836713,0.23365503588761258
40a87d81-8998-4b56-89ac-43e3c43175cb,0.6033963244378205,-0.42168540645473357
415c5ade-8b62-4f4b-a59a-1d5c4b402362,-0.30479880747557625,-0.1374251720839679
41a573a9-cf9f-4be7-bfad-73874f2c0640,-0.4595061742387664,-0.669035795523496
4203627d-4efa-4483-a359-96e766450f1b,-0.8120787327731132,-0.198581473095329
4244c5e5-1fc4-4262-add4-347b4f4dabd9,0.16683290764008235,0.6823819865366216
42cd0af7-96fc-4a60-926e-9464f0fb8cba,-0.42547027176417473,0.3724556307749352
42e876b1-4806-4531-af5e-ce6ad5fc2e3a,0.2500506657312537,0.8854308976859195
42e9e5f1-b807-4575-918a-a70553b9a3e5,-0.38308651590696136,0.37356914397800045
431a0402-a158-4a3a-a20e-67618188fd94,-0.11469882990114182,-0.17915835321582035
4329d8c8-4566-4d20-a68d-6dd269028b74,0.7039660242162271,0.29385575149824233
43e0f3f5-afb4-4f1c-bb7c-fd92534cb2b4,0.06376063360741431,0.7450036017923438
4493c1a8-767b-485b-9547-d24e8b7f1798,0.6589544530381332,-0.5553412587393136
44a82d56-06e1-4a52-a3bf-499065417294,-0.41692677484862883,-0.6822094856352484
44e2631e-78ee-49cb-8799-87976e4a4209,0.10464783936522604,0.38735717902146594
45214344-2680-447a-92d3-e34667866f59,0.314321058453005,-0.2412081471195844
4566f285-8f9c-4d2f-a665-6b0c1de08586,-0.20670031908220915,0.19479258219117615
45999017-b705-4ff7-ad51-4942905047cc,0.847191057369497,0.14499622890579839
467eb709-b643-4eab-8b42-7b22a7352277,0.8405112020174953,-0.016664046309476606
468af24b-1087-4ce5-bd2a-8a4c52100772,0.5511829021974833,-0.3469966295045884
46960944-a6e2-49a9-94ef-9f1ef0751589,0.05143270943457968,-0.8252203995688018
47526fcf-9fe5-41d7-b5ee-f7b92c4836ca,-0.1735061469701821,0.7253909528994754
47598734-6ffa-4eb1-bf87-8bc1b01881e6,-0.26021075314179637,-0.16111774487835906
47a5d9a6-14f8-4d75-8ac1-ffb84f10ddd4,0.36294795607103236,0.6892321909316446
47b8fabf-ef4f-4d4e-9727-cb0177ef3cfd,-0.5469420703149862,-0.10625941932111467
481d51d1-e37a-43f5-b135-5c9c5f3dd12a,-0.9170762586968872,-0.41361900530607454
481f36ad-23ee-40e7-89b6-3ecf21b2fae4,0.5807749871150739,-0.2949559282658981
483d5363-2233-4706-a332-7699f5eedf60,-0.5856318522044028,-0.4087535270030434
4879e178-dfec-47a0-b1e3-8b9400c3c57b,-0.5200165868851647,0.12468986088909992
48ba21d5-95b1-44a0-a8b6-e926a025876e,0.39468444223078736,0.14594495859304016
49009374-50d5-4a87-b3e3-e2b0ab1dc261,0.13963799317322173,0.5959409403596191
492685c6-f2f0-4956-8a88-dd0b13deb32a,0.7365357830816934,-0.36044035981540845
493f8376-6aeb-48c1-8fcb-f7126e9af8c8,0.3064692509712484,1.0508134497264976
497a9ad2-1220-453e-9154-8a1f24cb2da3,-0.9918714572399868,0.10887290468678885
4995d8ee-1c75-4c29-a1d7-43c42d90fb9e,0.5094944398768836,-0.7732856766856683
49b13428-fc9b-44e4-9bba-b631ac83cdc8,0.30495674646039544,1.0754822317348223
4a547c5d-e0dd-4f94-aff5-004c8a33eb2b,-0.7771165175934652,0.03930908902860258
4a6fdedd-74fb-4625-b4a6-8c5521e2ba1e,0.6190606853667155,-0.44788213838751245
4aded2de-2f73-49f1-a178-db491a9f1199,0.4567344574774397,-0.8284112195029939
4afc3852-fe3e-498d-a4ac-8d55f71d0965,0.5123228845058525,-0.03990032520023999
4b74c15a-a995-44d6-8782-aa78aa872a0b,0.3008843498246604,-0.6197873663157135
4b8a7392-3101-4d60-b75a-9a85e6215d63,-0.43299065412415855,0.30466869714644823
4bf38911-ea84-4b1d-959a-a47c71aa9a69,-0.4326526059180433,0.26946943108536014
4c512ac1-0668-44ee-b2c9-5ff23058db6b,0.10180884880620898,-0.531541720532551
4c53dd24-4372-4acd-a7c1-d083d33f5cb9,0.5591009116154405,-0.6057686790400886
4c6bca46-f0e7-4d68-a985-27817628a677,-0.894259984027468,-0.5526845027802706
4cb36198-065a-424f-bfdc-326e75106154,-0.7579090020971153,-0.31955691284961407
4cc11f38-45f2-484e-88f0-bff7b8ebdab4,-0.820073264584892,-0.2158786907324094
4ccf0742-3b28-4af0-b774-52b46eab6271,-0.4933739965963462,-0.8131886208039545
4cf1fa24-157b-4ea8-b57a-a5c64e0ed2c7,0.3273809344356204,0.5806535068874814
4d087db0-97e0-41e4-a107-9edbdcb7f200,0.32609098911296824,1.0306247516423934
4d7935e6-b786-4e00-b687-d99338c2efb6,0.2801997893958512,-0.5166192637660834
4e0a472a-5c36-45b7-b9ce-918559e3cb61,0.058942205954072166,0.010777491592132793
4e799cf4-a8ea-4c0f-9cda-18ea82e62449,0.35471974284288554,0.6410675689928375
4ebe5d43-a2dc-43de-87cc-464ed5024981,0.48033277282150355,-0.4609238786871369
4ed14d24-bfe8-4c23-8747-f09c6bad6d0a,-0.3028235377591008,-0.19727221944406778
4edb2d1c-2f69-43f9-b07b-cb979c8d9e9a,-0.5929749834437578,0.43309921040096194
4f3bae3c-c83c-4d71-b1ac-ecf4f917261f,0.21737213300220806,-0.13009639328669828
500a253e-6baa-4bb1-a754-32182f4b79cf,-0.5903723362544891,0.11011894890629512
50c32436-1182-4a33-84b8-419ebe752357,-0.0015906757715887427,0.4571930306962803
50d62f34-0b43-409a-a3ce-895a31bb9490,0.7497582768396559,-0.23473123210486738
51094d08-687e-4694-a360-9b0b38c82e7e,0.5040511109916199,-0.286577317882556
522744c5-ff96-4e1c-8746-bff56294aece,-0.26188719093709356,0.32518666317481937
5255199f-0320-490e-a006-8fe04e0b306f,-0.7567265526753405,-0.22792571551892032
52572b67-fdc6-4995-b6dd-612f49a27a5a,0.8120557764880092,-0.4731716029763395
52792f1a-fc03-428c-b2f0-fa3884c6e935,-0.27470308672014015,-0.390561590141078
534295d3-2676-45fc-b51d-03a20058f6ff,-0.7555803508891046,0.1282152484125421
535b91dc-22fb-4a73-bb7b-6484a2d9edfe,-0.011996799715089662,-0.01905230942432704
53c03f3f-ab04-4709-8456-ad9deaf92da2,0.5753285399394598,0.6883757325921169
53e87f7f-6e53-45ea-861f-60ff77441ef1,-0.7936116424165657,0.0050788665792695815
54c4b1c3-6894-4266-8a97-b009777c9e20,-0.731201258741086,0.2927112073429105
558e188d-1ca1-4685-ad80-d1aa4c8257aa,-0.682541195713177,-0.46251749388286384
5602304e-85aa-4e71-8678-d67d15e994a1,0.16451381054709244,0.7219237898751008
569858c3-1095-46bd-b7b2-37e0cf7e4046,-0.15979713223548678,0.21552759759103407
56a6f329-4e4c-4116-9359-1cafe183a53e,0.6054412222872368,0.5982784831607758
56bb3af3-b372-4769-996e-2d3c1d5c846c,-0.621808687205179,0.6016785254783971
570482e3-cfe9-474e-b525-39b34f9e6c0e,0.7934215186534899,0.71772076346562
571cb1ee-a695-4c37-b5a0-51cae7d3cc25,-0.6659996875060209,-0.24908963050494948
573addcb-7748-4cc4-991e-99d96e580363,-0.44767488705086794,-0.6822495996123634
579f29bc-4cea-44c0-8732-5644ce741f16,-0.15993935827816677,-0.16196783789347652
57add525-6319-473e-ba26-f01a9f5339a7,0.8731329831683292,0.32036610375197766
57df01c4-1094-4a97-b678-0f37716275ac,0.792041862838698,-0.13085892070015498
57f50e2b-8887-420c-8d65-b67a52044cfb,-0.5034961922934345,-0.26930811533744603
580476f4-a883-4b25-b7a2-bba43ed0b8c6,0.1451359011440866,-0.6720159657891633
58125830-639c-4755-a190-c170f2131e22,0.162098571672516,-0.49977540286453753
5859385b-77e7-45bc-9dd3-47938286f197,-0.37866169410563416,0.8055004745652689
587aa5e2-d8ae-4b7e-aefb-ccd5e8d527e1,0.6923952590309587,-0.5531668124866104
5962419a-d66c-49e5-8487-e505e32ee017,0.5894041586886147,0.6167356385921502
59a37e6e-4388-46dd-acd3-5c64832c5d71,0.3801698082501327,-0.6620423134534077
59aa2e75-ce12-4c02-9f5a-30da93fccc81,0.33996358584015096,0.5399468653310168
59d58657-4611-42c9-b811-4e6bb174877f,-0.5476299986900928,-0.7975406899324614
5ab30622-a050-4bdd-b71a-0a5cfd080208,0.07329150320793397,0.2668460759889862
5adc08c3-0194-427d-bd4b-26d924b705a0,0.7800804392161456,0.3140009024767451
5ae79c53-52e7-428b-bcd5-1d2e83593ff8,0.05496392256039223,0.6857888651607649
5b2c77f7-1e69-4b76-b165-dafd38bb88ca,0.016512225105198026,-0.2921279402133604
5b7d2746-f71a-478b-aaeb-ea7750b06113,0.24267464723302457,-0.45569179197766835
5b91962b-ef16-438f-87b7-c2bf2eb9719d,-0.899073383165614,-0.5375806107859747
5bb587a6-a6a7-4a07-b0bf-0aaeb6207fe0,-0.13796072774212742,0.38877855781667936
5bbb3609-a05d-451d-a73f-091bbbaea95c,0.6297236813715391,0.6174974878120176
5bbc2368-1461-47e5-b7b6-36167de7436b,0.6626762655943994,-0.4370445965208039
5bbf4b0b-f7c8-47af-a9f3-ce79d7322d38,0.506470582053933,-0.7525523225676495
5c041c55-c63e-4c93-803e-c1b8efd7208d,0.06650220903139746,0.08735212411228564
5c50c534-5ab5-471d-ad9b-aebfe1b04272,0.7044420781942287,0.028930682714872244
5c8678d8-f5d3-4ead-9266-3c0be0880152,-0.25647400090104905,0.5961395285025063
5c9276ac-dcc3-42d8-afe6-75cda0b4bd8b,0.10945413160694481,0.8305260172036424
5c9f429e-a5c0-4a1d-a3e3-10a3bb9637ce,0.6825767831774924,0.22212398491689248
5cc4ae03-4ed4-4b69-88bc-54cee4217b38,-0.32031495611069033,0.09146775909662178
5d142a1b-581a-410c-9b19-3777d7c2d6ba,-0.3035676064911037,-0.24898022655223742
5d73d023-0347-4fc4-8276-d9ebac89d8b3,-0.21482947679326894,0.8389691559985343
5d97dd51-a4e2-422b-8bbd-381ab16e48d2,-1.0160036079742472,-0.3497806846509032
5dca669a-ee02-4cf9-9db7-d765838e8d93,-0.4773527593726375,-0.46226733527221703
5de2e9d2-c882-4da6-b4e5-f85f8728f39e,-0.6026831761234219,-0.12060856336409956
5df91588-d818-4035-bf44-7ba8604c7540,-0.39829674630249995,0.3767370521419447
5e16a4b8-c4a9-4161-9766-5855f1a669c7,-1.0088884263818814,-0.21093395260920206
5e8a57b2-5a0d-4936-b796-0c3e0bd48763,0.5125481508423577,-0.29982746768420376
5f20e137-1570-4427-8674-e384692e7b13,-0.18273736351109104,0.20379721906957596
5f48675f-69ea-45e6-bea0-30e306cb63d1,-0.36789301161839094,0.05062937661699511
5f6550f6-410b-4e11-b782-16807be03d70,0.6893030931086522,0.023087304695763932
5f6c5ba1-eb26-4aae-be65-8f8583b8fe42,-0.9935113380108521,-0.2302761763507707
5f7a2a96-275e-433d-a0c4-a0bdcd531c36,-0.5193851152532205,-0.5848599195716365
5f8035e4-16c1-4bf0-9bd5-10c129d6c4ff,0.3082619378625815,0.641119782909134
5f8d0d0d-e4d0-482c-a60d-37598674a0d8,0.2656980981597195,-0.007959977167997359
60dabd18-8bc8-4877-a36e-9bba96857d50,0.5049327303650644,0.6999130847724501
60fbb3fb-e4de-4432-893d-90bc6062ffbc,-0.7256221893950398,-0.32840539948010056
61211d00-5e47-46c1-97ae-1eb49412da8b,0.06813345514526346,-0.8474535530239835
6129df32-48da-40ca-a012-ab87ddbaafc4,-0.9781897868726873,-0.2607168730489654
617da610-c84f-4fef-a42b-9c9bcbf0e233,0.651178719011314,-0.7614795585221557
61b85e16-ab54-4bb5-9106-72531dd0b458,0.7105939218750501,-0.5959303131317832
61bbbb23-b10a-4e87-a7ab-cbc2576dee91,-0.8782112277616669,-0.10363813502572375
61d2f0c1-c21a-45bb-9b5f-8a9809087501,0.5535002896564988,-0.7803447845151608
61e0c945-09f3-431e-a23f-2cda80f50d5d,-0.46765604578653697,-0.4948005679964175
61fbedad-1d68-4b96-8f08-2c6ec01eb911,0.47594428933791355,0.0025814916225567652
6220c5fa-ef1c-4051-acae-bda5e707f390,-0.2929516848106035,0.7223592389151224
62439c95-4355-4ba8-af68-e5f81ed8b5c2,-0.2523800350957819,-0.6165217731806939
624f3fb5-7377-4483-9fc2-7c75e145fc1f,0.5969149461351463,-0.6071603364231102
63badce0-148c-41a3-a54f-4bda446c993a,0.6410488530054905,0.5941400242745126
640f97af-e7eb-4b2e-8bd2-c23606149adc,0.7826084338413708,-0.5302728492900608
6421ca96-d22b-4042-83be-001ac2abf35f,0.5245845033814238,-0.7364836723879822
6450730e-401a-410b-9b4b-6f3d393f88a2,0.09243776565213403,-0.3478784514948401
646f1841-297d-4fd5-b2ba-0ffd633026fe,-0.474753993352908,0.3871488622609977
64b3f814-0c58-41d1-9335-e38f8d139355,0.7413698208300845,-0.596785789974575
653ba991-5561-4393-abbb-ea0ff0b1c024,-1.0390368243451478,-0.23057487978995783
654bfd60-4f4e-4c28-8122-6ecb1308c0b7,-0.9575449176056106,-0.4318214154887018
65686ed5-c343-44ff-bbf7-e8908062b8da,0.17138536717766703,-0.4413057074555033
6573a6a4-d876-4a8d-97e8-ed054b8b5ff6,0.8147645584787138,0.2894204770221172
65860f2b-2dd8-42bf-8560-2f242ccf4c4a,-0.10910907355129741,0.6681853141975718
65ab1f44-c96d-4def-808f-245386d3a3ab,-0.806134707939181,0.2717650215784886
65e4596c-6273-47c3-ba9e-cdc3802482e6,0.4161875206284793,0.1593903923946565
65e90575-738c-4abd-96b5-c20dd894407a,0.37674911803575534,0.5697788986707224
663b41cb-d4b0-44e8-a4fd-4925f1988836,-0.344816259246433,0.9246265524515795
66457ca8-99ca-48e1-97f4-a429f6007f3b,-0.28514665907336617,0.9158023068779284
66f80cfe-01e3-40d2-8f4d-2c04555ca347,0.4561058289620326,-0.8018169287312171
672c2ae3-caf3-42e7-8ed0-b41470c4c154,0.09513276916795732,0.5306012521539031
674884a0-186e-4f1b-bf66-c5565e876e44,0.6540005421729583,0.6760449915202718
67a323ab-36aa-4927-afae-8877369c18c1,-0.5980283161186861,0.5708923519660002
6886ad92-c091-4c08-af8a-a571c9c2c5ae,-0.8983373569268035,-0.14224727090682812
68abb79b-0317-4798-a3f1-bf015f60409f,-0.2936418669852479,-0.4142805008824979
6969ea67-a796-4243-b47b-63fc2fbc82ec,-0.5465951480876293,0.21414338872833963
69db3c17-bc68-427b-bcea-0c009b8be096,0.7481327084505538,0.2357175180908092
69f2546e-63cf-47f6-af22-a2fdc0ea6257,0.2558200403471347,0.7026719187269255
6a3e450a-c0ea-45f0-866c-b9de07762d5d,0.7413576008317484,0.71647612727248
6a5ba2ac-1cff-4923-ba89-9d1940c385a2,-0.05138824170201145,-0.5648066103171862
6b3ed9d7-95b5-4f16-8e33-9c8707072976,-0.7776602069710415,0.0727500974170624
6b7ead19-496e-4d0c-81d6-1c5a26ed8df9,-0.35448358985379275,0.3029212412892311
6c52c93b-fe46-4d99-8eb5-c05baedd68cf,-0.23124206706514538,-0.05909343324084265
6dbcadd1-9c3b-4462-ae68-771302f51f35,-0.5711539643408885,-0.6090597562985536
6dde53a4-9da7-4d69-9111-2d53faab98aa,0.3301646817030293,-0.7706886182490467
6e1093af-c4e2-4b40-88b1-556933df4f21,-0.48484786529051765,-0.6568785935118283
6e320ca7-a502-4e56-abde-4222c3332ef4,0.3577461197093278,-0.68350391254163
6e943267-8626-4364-a87d-83ca44eca3ec,0.45303222083745537,-0.43773553725998304
6e9659d2-1306-4a54-9f32-0a60927ffea8,-0.012702873226141111,0.8013772597010772
6ea5b6b1-b41f-4c8f-bbe2-aa27ab3551ee,0.49796701891740885,0.46668422591245523
6ef5e790-d895-48db-a31a-e00f02e60bc5,0.35896372261685267,0.5736025541246061
6f2deb31-3f69-4c9a-9185-5e2e0a780f6e,0.5164593024689825,-0.3601537947202937
6f5aa266-6014-43a6-8656-2c475fbfc515,0.5382835870881602,-0.8381485300071051
6f8cb809-a185-4c4c-9589-069307c34770,-0.18809998349149537,0.7165827005679294
6fc92c81-0b41-4261-aa0f-48b676d3ae03,-0.3368356272913806,-0.1742316791501191
6fff842d-cca9-48fe-bbb2-6fc7979be4e3,-0.07824783298547984,-0.393314988469945
704b8f79-b162-46d2-9594-f0de6dcbdef6,-0.35570831546893883,0.3628778373712345
704e3fda-a16f-4939-b8f7-d9b960f3f999,0.5533933338249796,0.047501408961334875
706e660c-754b-4e14-a4eb-222a93b6121c,-0.8574780954940621,-0.16969518400888484
708ae7dc-3f53-43e3-9503-7a49c4e22ed9,-0.2914446080836202,-0.1764045345179278
70da1afb-1587-47bb-b76c-837908a20b79,0.2634249318390015,-0.11034492001782312
7150b074-06a9-49c4-a06c-28e84c1ca687,-0.3522087228495515,-0.07358499269804426
71586b45-4bf9-4fb4-be2c-ae4f24e77810,0.5895472929407657,-0.3379858696551004
71993b64-9637-44d8-b348-821742513db2,0.2326243932665059,-0.10287532467797672
719d57af-0575-45a0-8e26-87f2b2db9523,0.28234482676983774,-0.015354123145641201
725b3196-2323-4d40-b5ba-05dc2df419a8,-0.9427133796995417,-0.3012924385970592
727df4c8-17a0-437b-89f0-9a552e801d4a,0.8104786333764955,-0.5089508180286342
72842924-a5b2-4c56-9ff5-1e7875cb0dc7,-0.04660537270321849,0.6873433649924692
732395fb-6902-4963-903a-3ff0909009c7,0.23894798737644155,-0.6648743891299224
732caefa-d059-41e8-bd50-afb8cc0fcd14,0.8626274415676956,-0.172518224446499
737927d2-bdf9-4a4c-9ad3-7a85cd82728f,-0.6345335112014251,0.3428445285452038
73ad6abf-2807-4959-b6de-743db8fc571c,0.5820745740813721,0.7281797743399228
73d51fd6-c026-4319-bf81-a20a413c7c6f,-0.33620532323613955,0.10404925831154878
7404232e-a26b-4950-9156-55bfa97bc58d,0.1750750279756222,0.15264592377262834
743c8b4e-2b97-422a-8d51-f145c3285fca,-0.9772711583081166,-0.19926804810898177
745b767f-990c-4f31-b606-12a197c905eb,0.19994663448280434,0.27879291090649055
74c860f2-f3dd-4aac-bc39-a499230acfa4,-0.570857019010712,-0.023198416068441526
750587a3-ddec-458e-85fd-a771ec8ddec7,-0.5554465622220754,0.45599318565052205
7575bf1c-f471-4ac6-a5ce-22fead2b0db9,-0.18854005704386595,0.28947684388795725
75bdb1c1-0202-404c-a4c9-caa2f845a186,0.3011794331068633,1.0366647166064245
75d51b56-7dd8-4eb0-960a-53cf55edcd81,-0.8455710224010016,-0.1917378845723428
7645e5ff-d9b8-4e44-9d62-2fbcc08c7621,-0.5469971828783352,0.4758818120410859
764b5549-bdb3-46a3-8e2d-aa6c0e14c214,-0.23315669467851452,-0.5843130334895675
766a1589-2bd2-4ad2-88ff-94658fad42dc,0.43562283638907806,-0.7400340357374604
76f383e1-8a8e-42ad-827a-974e82d2aa37,0.018237568313154956,-0.5229741554389081
77523a89-2fbd-49a1-b8b0-b0b5e53c13c5,-0.23475167196827515,0.6515457840321812
775982bc-3b8d-4bbd-98c7-f465a75e9797,0.08208193121030977,-0.6079262034157336
779a3126-9b34-456e-bf56-27c7d0bd73e8,-0.07781232063304418,-0.6485548854528946
779afe89-332d-48bd-b391-ff210720846e,-0.5179569704711974,-0.45218243130453006
77a146d6-3884-4d04-8232-8bd6865baa91,0.28774834321319126,0.003966111688443635
77b6e687-e260-493a-bc14-f054f10cca03,0.4765019095605745,-0.4282069618884884
784fb127-517f-4ec6-abd5-1e894556cd78,-0.690044874038386,0.5188816703195895
78819011-81bc-4c86-83b5-1e5ac133214f,0.22779100364518892,-0.7429545897112855
78f4221c-7372-4327-8bee-c29befd97d47,-0.4977357234687997,-0.4222724717702553
79fb0120-e7f6-4eb5-beba-6861237e1d5b,0.6853185968818439,0.6637393591104488
7a066018-6b21-415e-ac72-0b268bf5459b,0.6662402324351333,-0.29333669454211947
7a0b9562-c87f-4c51-b250-8119e35d0229,-0.4413017342878563,-0.5680666608773048
7a77f8b3-545d-44ba-a565-550ecf2022c3,-0.11291360804445232,0.01652027980867448
7a86c151-430a-4f07-82a0-7ea4691db7c5,-0.20915211886300508,-0.558151079808492
7acfb285-51b8-4cd1-a899-5953ecf1471e,-0.8777637537653727,-0.45210134509995303
7b08d32f-27cb-4401-875b-e3e060480cb8,0.04475525087911123,-0.2418822039582269
7b29a5f7-d162-4d6a-abcf-cb6bd4ee1bb9,0.4190515967668415,0.3008901348221681
7bab1ec3-d4c6-4886-9743-3ea28b883d67,-0.07383740705723817,0.6375006920076082
7c05b6f6-98b3-41ce-85c5-d8cc2bbc5460,-0.009039104998911935,0.6418697057565141
7c262ae9-2af2-467e-89ca-45ca84d82f95,0.09653356022719248,0.6485038207882925
7cfea0d8-099d-46a6-ab64-92b7181e1b8a,0.3276269687710307,-0.5438175237563924
7d0ce01b-bd5d-40c3-854f-35a35ea15443,-0.18110305775612368,0.5381539262495691
7d128153-d0d8-48c5-9c16-449eac989828,0.17739285475195313,-0.5379396494565719
7d201afd-3978-46e1-99d7-ef08995a4f7c,0.40093151054526177,0.11991497018028548
7d8ac442-1fdc-445d-8f25-b2dec45fff3d,-0.22587920682161683,0.9195372397599207
7d9c0616-1a5e-4ff8-aea7-b70071410a81,-0.3342868739658673,-0.7284889453644006
7dc47cfd-71ac-42d8-b364-d4c59febf54d,0.1169426233267192,0.8604860429309532
7e1d00c8-f2eb-452f-a95a-81ae0c6c8d4b,-0.3075860228057861,0.13420097893662708
7e31d670-f3e3-4f6d-8eeb-a8a366756bbb,-0.8465688243820665,-0.21979134588592422
7e3d3fbf-a8b9-4914-927f-814aad60df93,0.07221235095258008,0.49390583421163564
7eb265d6-f638-4241-9ce1-442536d8bdb1,0.7969272718924655,-0.2080250139292732
7f5e1f27-bfbc-45e5-9a19-d3f0c3c1c28c,-0.47790526130261235,0.5528182295370105
7f70f2fc-f544-4632-ae27-2e4c95174bdd,0.5010107158923215,0.7701598165484922
7f88a238-940a-4d72-9ec5-4b9a20116216,-0.8879902365693253,-0.32216223562712665
7fc9de2d-fe8e-4407-b529-6bba82e35c7f,0.13001517392416526,-0.25941457415486135
801d4e78-0887-42f2-8ee5-ceb15617f353,0.510438251322378,-0.44665429408032964
801ea92d-670e-41ca-986b-25f1dc03c764,-0.6428500711009756,0.7058463570337838
806a67dd-1a35-4364-a87c-ca56dd5ffc79,0.15941549383260858,0.531990780542557
81370c85-a7f9-46bc-be5c-721fd5e28871,0.5473273224086804,0.25587832922100057
813c6ee4-c88c-4ff0-9dec-fdb5e8d3c58d,-0.10500849999787139,-0.6703499898774167
814d3d6c-afea-470a-b597-ef5ba49eb98b,-0.347217841344557,0.18139574050792537
816ac70a-30a5-41f4-ad3e-3b91bc378871,0.2633615050284607,-0.3143127616642237
81fd4d4b-6a49-4f93-aeca-5f512cc5e69d,0.43469739304927674,0.7734159765517927
820b89d4-101d-433a-afbd-a0bdf03f04db,-0.2514404109873955,0.15934662342278696
82a20d5a-c6e0-4ff4-8cdd-9bb19a052558,-0.3776896460258287,0.6959497382676446
82dbfbce-41bf-4f41-9d35-6f0197057812,-0.5487837221443199,0.13792299496961122
82de237b-0189-4c15-b4e4-2efa9ee6c386,0.3083677310908074,0.1796654641189305
83087bf5-6ea0-4475-97fe-28561894365c,-0.4834359095030617,0.7096716611953335
83d44b9a-2419-4519-90e2-22eab0bf42d5,-0.27537886795616046,0.2262559830383954
83da3869-9a30-4646-b467-6a58d9ffc375,-0.503905371045581,0.1704225737787568
83f8af96-5bb7-4e0f-8ff7-62353e93c635,-0.3718370744624742,-0.05803034650407088
848e10f7-9b8c-4bf0-99da-680fda47ce8c,0.07478178783586646,-0.5674327300538674
84b5b05d-31db-4057-8a8b-cc42f6e8d282,0.342010020537192,0.39197077868939695
84e7118f-b0bb-4eed-a4e8-01c061c21ddc,0.4313094050619011,-0.662069432840709
84f5bca6-8e57-4a9d-926e-256186e11cea,-0.9314301425803886,-0.224676753072264
851ec99a-b770-4ee5-a98d-4661126105a9,-0.18318709265099248,-0.5374961431055107
852ab334-3a0f-4836-bc35-ec9cd57afb3b,0.053180017676080084,-0.840725870481204
858b7a26-329e-406c-862f-26cfdba2f032,0.9417378360885791,-0.41506766768888753
85b95a24-903c-413b-a453-e1a56c02ba42,-0.5071492440148897,0.7197094709849379
86393ba7-1e36-4854-ac4a-4d03c13d4356,0.45787263162188185,-0.3304595905568501
86781ac1-093a-4af4-978e-2edbd6164abb,0.06471188393857036,-0.587285555796657
868231f2-371c-4b24-94e5-86ee3a572d5e,0.44191808719845954,0.6073714736168446
86947b20-680e-4524-b866-eb1dd1a8e44c,0.9331236416234557,0.2558651268071356
87170f32-0412-476a-b347-fcd8ac76d731,-0.39987651456895146,0.8676800553848372
87392d45-5dd8-43f6-b55d-c8636b898469,0.4380660958562448,-0.2801810245987153
874c6687-bbfa-49d7-8880-c58fd99d0f77,0.6297003484573943,-0.18846502578533375
8778f6e7-8a6b-4551-8b2e-54883fa208fa,0.49782854902302887,0.6221689775615651
878b968d-450a-47fe-9703-e9eac3ffbcbb,0.22145785483206362,-0.23042438462914652
87f51afb-afb0-4e65-a3e8-c78e133d5b50,-0.3341979554524266,-0.08083002214266617
885799a7-0c4e-404a-b26e-08d251fe1fec,0.5483755737199608,0.7367207687353063
889a3b96-f3ef-4427-a553-7e356d578f64,-0.5311829564921017,-0.27147337471631855
88b1016d-e017-42b9-a312-700451308f82,0.07326897417208941,-0.3022465165168453
895e7066-99d7-43b9-b9b8-b0c8cc18319f,-0.21984291543499745,-0.46021809442534944
897cdb07-6d6e-4f2e-9688-805af1654f32,-0.08462042270048253,0.1432456834120956
89872373-928e-4784-ba16-e3b56c458270,-0.4987290784227567,0.27303824980993374
89dbd226-e464-4481-bb99-14654ea3bf67,-0.520125675494316,-0.5477478810153237
89fae879-82d2-448c-916c-e64d0f2fa5bf,-0.17286642112010223,0.4514475959267905
8a108c9a-d1e7-4f0f-9563-26c33644aad5,0.4919662936832662,0.4513310008538669
8a6a2913-fcd8-4c06-8ed4-d22e848823a6,-0.8330419711701975,-0.5584748469299923
8aec292f-a117-48f0-bee3-9e5af0606d69,-0.8652904607798549,-0.5461069316017427
8b666963-b452-47bc-927d-65bc62815498,0.33651174730003136,-0.4133233697605162
8b8a2499-b9ab-4293-bf1b-92110b818240,-0.4486089752916319,-0.867376571959106
8bb45408-f375-4ea7-8074-c02e9a66ee81,0.09708312940800914,-0.2558350107758239
8bc21467-2e7c-4f1a-b073-81acdb081be2,0.8403308309742575,0.32949422309645016
8be1e6d7-deda-4b1e-875a-15627b6b59bf,-0.3217258352492586,0.2111078850073197
8c03aee4-dd0d-41be-8027-30fc94c3e599,0.8136333987157383,0.3835229785491343
8c4eb652-7ccc-437f-9764-f97b066ae68e,0.6212948205149345,-0.41354359969723703
8c6caf27-fd3f-47d4-baa1-b0d9c32b07ea,-1.066039619565692,-0.2152402936412491
8c750d9c-23ab-4820-84a7-55601ee3ef00,0.12705675613720083,-0.594373284381096
8cfb287d-7f94-4bad-a1b4-9185bf84602e,0.0703950924339767,-0.07205817972371531
8d0a49d7-af72-4c2f-8031-db23bf7dfe11,0.4263441185502783,0.2384411711972817
8d725b59-ea16-47c7-8260-cd3104452553,-0.4491232490478473,-0.03722658855583039
8d745835-bd33-44e4-8d0c-2f6f2f53a429,0.6977551866869837,-0.3504000068140906
8e16d66a-b1ff-47f6-9560-2a7adad09236,-0.5887328079247093,-0.5071540369723153
8e3d46f0-c9a5-41f1-9bb2-860d54aab07a,0.277264239615181,0.7017405049966818
8ecbfd4a-3cec-437f-b89c-57f33036fb38,-0.23196306877570363,-0.525364679595489
8f09ad86-a3fa-42d0-8207-911ff5467533,-0.41853652066167857,0.7955979318756033
8f93be32-a04d-4f90-b789-43e197b15876,-0.9873546498422342,-0.2780699147925217
8fd2a00d-61d9-45c6-832a-97bbc4238ac4,-0.6730196988067397,-0.1518393882711093
8fe06271-fc7e-4ef1-9f5d-7b3a1a61e32a,-0.4372272905630244,0.14420945391725182
9011ac33-3120-471e-b274-e803f50b0eea,0.14387113913310168,0.6996488841254823
9062d852-0558-4780-acc8-3a1294b7e1ff,-0.8060139811709182,0.16587303258740857
90c8baac-5d51-4c36-840d-6c77d91c15e9,0.17305296568322842,-0.11589250054761126
91a9d19b-dc5f-40db-abdf-e25893556352,-0.4997029628783631,-0.48814236266321137
91bd6b75-fbbd-4319-8b8b-e7a4f4853ccf,0.27752161134860137,1.0468412809950536
91d464b9-9e3e-4291-b5cd-18704777fa38,-0.04352401150596888,-0.5130413267143179
91e94483-3a61-4675-915d-8afca560edb7,-0.5886041599937311,0.07855996581058156
91ec7c4a-f9fd-4f96-a945-4f614817c9cf,0.011037728291092867,0.44626495845448294
920d719d-9f43-4c34-8123-3e7647cd6199,-0.6120950417177253,-0.5245431348816331
920f0e0d-95db-4b09-8616-40850656740c,-0.16681194292526408,0.5371173018730567
925f1aad-8c02-4fdb-b362-466c7ebc1031,-0.7466110555348586,-0.18748086686990217
926ce70f-4726-4308-8e23-316129b60a20,0.2521468321014126,0.0030730830466625058
92b74c4c-d5ba-4d7f-8660-240e32310f7c,0.35617973849130763,0.6004077957646852
9330ff92-31e1-4a74-aae0-daa7dc5ce76f,-0.19956023037889775,0.24656227899068114
935e9647-fb65-4f2b-81ec-332f5eb032e5,0.6275148879522272,0.7427485804673214
9395b032-f291-4985-9a7b-c911a5a08798,0.04761688966253577,0.2202487462887004
9419fc87-bb84-4208-8ca3-f33d22acc687,0.2304773615241864,0.4239762577271066
94579be3-7299-4155-a856-29e48c0a11a3,0.7994186868201753,-0.14557933983336918
94629515-c95a-4a94-9f4c-69b1446a38c3,-0.02852243080283625,-0.6825085778510439
94c0bbc9-89f5-4e85-956c-9ac5dd579807,-0.39290128892788223,-0.47745707213532296
94cdc8b2-de38-4c58-aee7-ea9c54adb2c8,0.7242821408501933,-0.080290966492168
950ecff1-a74c-4399-991c-5dc8d6971d72,0.01821224848996848,0.5276495373263931
9543d60f-d9a8-4378-855a-85eaf162ad2b,0.2688933978708349,0.018845930574593262
9593fe98-7810-430f-ad84-faf44d0e642e,0.17393797146310896,-0.4209342373172361
95ad5c0c-21da-41f4-93e6-9e350f2c5009,0.014683731171809718,0.7383295975977994
95bbb92f-2c7d-4678-9330-f3e13753eaa1,0.4781075422790204,0.1633951192176902
95ca48dd-fe09-46ed-9cc3-fe1e17fda1fe,-0.45491220870024873,-0.5076869990398493
961504f5-119f-42a9-baba-9767b86d00c6,-0.4664116537213757,0.7272197633790174
9646ec67-9daf-4311-8540-6ec0d17b8f69,-0.26537771170156715,-0.22374542660046087
967c20ee-ae23-40f9-acfb-50216d1fd965,-0.8622780479450881,-0.2030079301075379
96c5e59b-bc81-40aa-9fed-375cb3053ac2,-0.37797707501503996,-0.41217076019760945
96caf0ff-9cd5-4ecf-943e-eb0aaa993388,-0.9516925423203151,-0.17345001091017445
971073cd-cf8c-47e5-abfe-0fcc515e388b,-0.5765064111258996,0.510218219371117
9719c9f9-dc69-4d2b-808e-acebb97e48fc,0.5430324254369426,-0.747182618805583
972dc0d8-e05f-443b-90e3-9a4aa437dc9b,0.32473558512638273,1.0481689019322509
9762d6b4-703b-41e7-86fe-9ac41d651b81,-0.05985306127800974,0.17535904710956163
9781d664-2002-4104-a6eb-d2db48a70933,0.0392151613685824,0.6699559837080382
984b696a-5b9d-4a1e-8c29-13334fc7d3e8,0.7469218769650365,-0.28052424171786444
986964f4-3da9-4c34-8439-c2574b1865e5,0.49723657282453304,-0.34086233035702584
987235c5-ff94-42e7-9b30-db9a4df89927,-0.9731807511683317,-0.34531366777028355
987e1770-57ff-4543-8411-c7171ef856e1,-0.47159941120395543,0.48798539208546843
992e3166-950d-4e9a-b226-80e4699b3083,-0.4882325845280531,0.3597464864497768
9990d9a5-9e3c-4617-bde8-a36b74ef4d19,0.32089443825335623,0.6061244143829904
99a8cf49-6a9c-41dc-b1c1-cc76659943db,-0.465811952124154,0.7519261714193378
9a2269bb-0ec4-4222-9ee4-bc871eb1a761,0.9588463437125181,-0.21714301395911978
9a2319a2-da63-447b-a951-dfdfe2eb0567,0.17810166436852168,-0.19734406367942423
9a9ebd5e-0f38-4c9c-9f63-ce273092e799,0.0020429697942050745,0.6043603576969233
9ad166f2-f002-4246-afd4-baebf2aeb360,0.46581934260167024,0.6291832817012265
9b058484-4add-4fe7-bde4-763cb400cc2a,-0.9773621943833941,0.12044743944596042
9b32e016-a2da-4eee-9eaf-cfe55e50f805,-0.34919003321877984,0.8259687447564869
9b506b26-ca42-4669-96e5-6b231e651018,-0.03400066121630685,-0.6448622150333767
9b7cf880-fc93-475e-9a50-9183888e3b1e,0.1256295350044147,0.8977483215282274
9c139195-66a6-4214-b0a6-417f4eeaa1b3,-0.108483053353786,-0.7018424538815373
9c324a56-5171-4c75-aaa7-cfe1c138f728,-1.0495234914359772,-0.20775308053946387
9c4a9208-c3f3-4807-80d2-97d9369acb7d,-0.9638117384122203,-0.2755059151751835
9d00248d-26d7-4aff-9b1d-c52ffe6d07b8,-0.8369831112036199,-0.28385265614623256
9d17ce25-7e1f-4791-a4d2-368723c5284a,0.305000836891229,-0.5479027021591124
9d7055ca-3777-430e-b8d7-17968e9faabb,0.04470159386993785,0.2619700296639339
9dabcd3d-9cce-4c8d-b239-ef821eb8bc46,-0.6747853329903447,0.1853404570821092
9dd953ff-9579-4f1b-ab8b-5809c0fa84f6,-0.002955384358249571,-0.08648651369866181
9de4ab68-d2d8-41e8-bbab-7d7dfdf2b3c0,-0.48007751818609257,-0.3925008990029606
9df0d07c-a514-49af-9227-bc74860355e2,0.838699614945448,0.19430076931956128
9e4e1d85-eb9a-4fb8-a3c2-4c9d81277765,0.1555693261819135,-0.44870569268027005
9e4ed976-1499-4114-b12b-f3b5b1143443,-0.5191437057373193,0.1011441034248729
9f49646a-b762-41dc-ae2a-6d00d81e5799,-0.4711149085290541,0.36777358514515196
9fab15d6-b832-45a8-a676-d501d1314989,0.2684450879697733,-0.7371932197625737
9fbe7f0d-5f9a-4fa9-a4c3-0c926b68a0c4,0.296350362699806,0.5979039245885137
9fe52cb0-4b01-43c0-875e-20e4b31ecdc9,-0.6835299477684224,-0.33880553788565704
9fe7caba-969e-41e9-8f28-29e024c6dc56,0.24946113220970154,0.021221062117320087
a0193e7e-f200-4c3a-89cf-83752d8731b2,-0.19100617507171247,0.04396474540407858
a0202b8d-9457-40db-a965-3a099e76e9da,0.5722579264702224,0.7534040270992252
a0acf55f-8618-447a-b468-cf09ccf2500e,-0.4471212826999102,-0.5209265235936821
a0c8b812-9997-465f-8131-61b826955863,0.5651243119036647,0.7028961489699729
a12f2474-9a16-4782-ad41-d4f69925524f,-0.1030799188879111,-0.6127156368990921
a189fd68-6b39-46fe-a6e1-810c0ef44a02,0.8967418911968624,0.11687978788379526
a194ae7e-0844-42e7-a5df-cbe8ba1e5cfe,0.7266607871827098,-0.3006784786791508
a1cfaedb-8309-45b1-9727-316d0dc57f61,-0.38176025092718513,0.3200996411966149
a262d7f4-2a64-4865-8421-bdd715331f83,-0.051305693002436766,-0.625739388869121
a26cabe7-06b3-47c8-96f6-81ff01ac4561,0.014539117839446803,-0.48161783790389345
a27e6263-da44-44bb-bad9-7d789c842f0b,0.013549404037091728,-0.1975307117084378
a2bbfb33-e81f-4bb6-ac80-6c5ecbd06e3a,-0.9358522987805044,-0.24323374476928392
a2d526f4-384f-4a1b-9b9f-191d02dd9870,-0.6316338358637429,-0.07773671016913208
a2e26315-c341-44c8-bf1c-2316c8a8d19b,-0.5373417011252081,-0.5496190978653335
a34471f3-d12a-47e6-bb14-719c78aed0d6,-0.8519251636433125,-0.29121662357576455
a3c557bc-7f50-461c-9222-0616f1072830,0.637928917193892,-0.44429906786470846
a3cd1f25-b281-4e30-b4a9-1ff49a1949fd,0.7844559095758991,-0.3767010873543423
a4326ea1-fc80-4ae0-b59d-e6445ee28040,0.8050635107159455,-0.3759739615242655
a444315e-5bc8-4b96-ae61-edbd2e1308e5,-0.5880160294790756,-0.6070070832549719
a4860a58-f08a-43e4-a775-0ed0a4cebf7b,0.6653929584647649,-0.6325337500966745
a4889841-fd18-470b-87cc-2b3b5e0c0b37,0.929597966854345,-0.5035076016011107
a5385f5a-48da-4627-923e-b2a3d38f654f,0.906023650872836,0.1318627176406155
a53c3c51-f3e2-408d-95f4-c077c0018a9e,-0.319461314867364,-0.10095613740401256
a551c947-ed0b-410e-ac74-a6cd66aa0c6b,-0.18076957580584355,-0.4461458584673535
a56642c7-e8d1-4fa7-b679-b5b5cdc59653,-0.5408739317301232,-0.02211326863900245
a56fbad4-f824-4e8f-83ab-f1d77eae788b,0.6470871510120312,0.6136107758794604
a5d60bb8-dfe5-4d72-8e11-cb6de43b327a,-0.3139465052103357,0.8036685306426999
a646cd42-9b0d-4a4c-8591-dd2842ffcf9d,-0.3405401874728271,0.6172219538436544
a65712ac-0489-471b-9714-e152fabc8d91,-0.6079576507271715,0.36545850913396405
a6f27536-4ae5-49ad-9347-8dbba04eca75,0.26203323120269945,0.27575127613534667
a71eca6a-6370-4275-a6ed-ae68bf22f0b2,0.6917900950941617,-0.6122625820300934
a7a33975-a4e0-443d-b4a6-a284128f4cc9,0.16490731902897646,-0.25619374534894035
a7ad24ad-bd3c-4e3c-852b-927dbbda30a1,0.6511819182452427,-0.5393297204862202
a7e25a58-c37c-41f9-be4e-e8fc6bd22819,-0.5849718724566134,-0.08228127737988826
a813d730-ced1-4fc7-8ea1-73e9db76cddb,0.6927740866125067,-0.2244305674274199
a823b23f-7d25-484f-9d35-f7574caaf981,0.5752104469160073,-0.4380745753365234
a97e15d4-178f-40db-b440-60cbc97e3d1e,0.14641120308644645,-0.7875752678799798
aa0392dd-0c79-49b2-ba59-74390a7f1e19,-0.3465158826570747,0.219494326016559
aa465fa0-412c-47ed-ab85-af75f7adbb71,0.673737318356611,0.2984271164551883
aa571439-a278-44c1-9b6c-e2f45fe457b8,0.5442741969917666,-0.5204576689103816
aa5d80d8-0ef2-4418-bc87-19edf8a76912,-0.545418906088398,0.16384070999434006
aaad1cd2-e637-4aff-bf3f-5e23759f6629,0.5363149890486564,0.14232929041342673
aac21e1a-3d49-426c-be73-466d9adb9b8d,-0.15391140671568715,-0.5963354253653406
aad33a74-341a-4eb9-8271-c55b3ad0bdc0,-0.4626044283101514,-0.475345309585962
aaec212a-4ab8-4249-81be-6cf83114bf1e,0.36682761803299746,-0.7275246393310887
ab08e04d-2777-44f8-9620-6c4e2b46196c,-0.6209867018156168,-0.05183348225817373
ab0ec6d5-4ea5-441f-807f-f724b8933456,0.2994235826247519,0.6853015387410153
ab6b9136-1657-4de0-901a-3ad41df3d634,0.22889578516491488,-0.726019150848219
aba0a587-3cd3-454e-9fde-22fbfeaf3cce,-0.15784166721423407,-0.5739372343034164
aba0a85f-cf12-4234-b82e-c5ba8fb11299,0.9553712956608007,-0.17239921999828003
ac80e8e8-ccc9-4ed7-bfb6-a853fd9789b0,0.9422402496070194,0.12105720775667124
ac8921ce-68bb-41bc-af01-a116fc5388a6,0.4491405873506852,-0.30336536148513704
ac9682ab-f9e4-475e-8c73-cf1b9c4b627b,-0.5384838696461632,0.238648518949665
acc82401-7327-48e9-b3ed-3f355afc13f7,0.12169151418889353,-0.5405097833831402
ad94bdce-7bfb-4969-a5cc-5a3ff39d1204,-0.2906206211031927,-0.21339707278975
adc2873d-2e67-464e-bc20-5b90dcba8fd5,-0.21024180934437725,0.44169494857118996
ae370fb2-fcb5-4d1c-a524-c3d6b67cdc0c,0.512978691032545,-0.8096851196890418
ae3b867c-0ab1-4fd7-afae-c6f00a2c40fd,0.7145442694470884,0.4794679503496203
aeabfcee-33f7-471a-a776-79e002d1824b,-0.4963447504923397,-0.8305802345748885
aee5b10c-414b-4066-a139-ae1ad78d2fea,-0.06845467077145861,-0.16863733523783997
af07a020-dc53-4bb1-a028-a610f3c75a33,0.204365507986139,0.6565049265917948
af3d7bfc-59f9-4e2d-9cb7-e067bcef3c0e,-0.8074673298096668,-0.33540768963567347
af79e55c-1319-46c2-879e-e99cd3e31812,0.35006775504303816,0.7140461979718371
af8bc7f2-6357-4043-aeaa-9aa3a6ba6063,0.021182483219727672,-0.17448741062090764
af93e3ff-c20f-4946-9b3e-83c984223f30,0.03724257791272837,-0.3372577917905806
afc8fe0b-8147-478c-ba4e-bd1ddd9feaba,-0.4114255355739516,-0.4690738214482654
afc9a864-b9ce-4813-be12-1ebb09458e5d,-0.44535016004765293,-0.23445347929984475
b0b4f52c-c689-4c3b-a4e9-7f26980cf038,0.29452480696085515,0.34740533682517455
b0dd5639-012b-4cca-946a-f8002bab13de,0.06474066172233828,0.25395491449126334
b0e87c59-d543-4137-b720-d6e358d1383c,-0.2500117729552046,0.3660758675990842
b0f62135-488b-48db-bfc4-c0e38a0c6f5a,-0.7411572543506753,-0.678682493659049
b12ae834-4acf-4788-af11-ef3d450c9c61,-0.7812114841415612,-0.638363322773214
b12d0e38-06f0-4bed-b748-35e8a1b8245f,0.32217230877792985,0.13871536781413554
b24445d1-3016-4648-81f2-ccdb3e7b6b9b,0.02492433569509118,-0.30700196695921567
b2a181b2-ce23-45a6-a4d5-916454ec7cb9,-0.8800894159484098,-0.5599048316862292
b3475cf7-6d65-49b4-89fd-4b4c9c9a77ff,-0.3148032412409516,-0.1771234806835107
b4217101-4353-4fcc-985c-b08b2a7014dd,0.40846011161553536,0.3966137690260542
b4738043-e917-48cc-bd79-5c7d80f9ffc3,-0.38979735648673014,-0.675501813867089
b48991c4-5ec5-4cc8-9b14-e9a68f412a6d,-0.6097922980168411,-0.42636214492501956
b49d82de-21ae-4b56-860d-6582329a4466,0.2641837233548066,0.8719841447964641
b4e86638-6b6b-4d1f-91d9-069618b0b091,0.6177165369869316,0.5497278773449401
b533f3e3-9502-4ba6-abd0-635906b326e9,0.2958472973599844,-0.29153568012481135
b64a61c9-882a-48d7-8306-38d4124e9d4c,-0.15458314914156998,-0.19811027743087634
b67769b0-bb45-4911-a6fc-01bca5325098,0.07116159211207262,0.465011307639645
b76971a4-80d4-4762-ba54-26af3637b9c7,0.4109472923228503,0.7632209087903736
b7ac77b3-c753-44cc-bf57-56abd281ae91,-0.5777399071177014,0.1587813008188997
b85fe4f1-9d31-40ab-8ba8-91f5e302e1d2,0.24840246401972713,-0.1728101039862783
b92c5c10-717d-4024-9baa-6b6468241eb2,0.22238797325603257,-0.11459916538770375
b954731a-55d2-40e1-b8db-55872812d96c,-0.6782671077441107,0.4866895682762283
ba5352ae-4463-49ee-a0d1-399935290d3b,-0.6726581070198082,0.6840559648557899
ba5eaafb-efea-4f5b-ad37-ece3f86023c1,-0.1959990300359642,0.6899933673443778
ba9bea6a-689e-45e3-8b4f-5c3e190a0d70,-0.30370589190284886,0.9067280515906427
bad9aa65-ce2e-479d-94d9-48caa205f817,0.8568016316036774,0.023550125191478994
bae3b6cc-e929-4d09-917a-5114073d0a64,-0.5128448263269054,-0.3541706888120324
bb3a889d-7a0b-4feb-abde-e9d9e31e3966,-0.19545559576331026,0.9394739865833368
bb8ba6af-ef86-4ad9-aa86-b847a6b533e5,-0.45195723540375143,0.5485124997749727
bbea9540-727e-4aa6-a636-894d83283b09,0.32773209257417696,-0.7240427118050227
bc082591-dc3f-4a1b-9e86-e97b35565f74,-0.6287815184156054,-0.4115642683838279
bc179fa4-cdf0-4b4f-94d9-1b58be992e3b,0.5785951929963028,-0.41875750734230716
bc9d57b4-a99f-4678-971e-39ce4baa941f,0.6483703097024434,-0.34993128329304435
bcf7c0bf-7f62-4c3e-9dd2-679bd002c96f,-0.737508706704966,-0.1655623453445933
bd4c0940-a2e4-469e-8415-38833511c10b,-0.594024013105483,0.41236565196665814
bd796c70-ba9b-4877-83a8-43b81c8a3812,0.01403901372932151,-0.34859710376100517
bea2a68b-ee82-4267-b8bb-8f62e85def55,-0.5643873994898042,0.17434004769376518
beb8dcf9-a141-4217-824b-fbca746f8715,-0.07710684828048635,-0.3725274339962028
bee531af-db9a-4b3c-aadf-b3f6917c8912,0.29310822969521416,0.5179689284331208
bf08edc4-585f-4290-bc85-68c7d5131f3e,0.9166330635540567,0.25952929985844125
bf793842-bca5-4b18-b6f5-5b744cb0bcd1,0.052720274735560756,-0.3110137011415145
c0728efa-f97d-4b8c-809c-d168777641fd,-0.37956662105479894,0.8359257796620791
c11749f2-d086-40de-ab84-be782a37a7e2,-0.2770241320432977,-0.49888136240678316
c15088d0-9795-4af7-bfbd-9fc48cb440ad,-0.9519575712457018,-0.36901770378590776
c17f7f72-bc83-4897-b549-8877d978508a,0.0024555389742000502,-0.12082032064052675
c21cdf9b-b282-406c-8d98-2383b46dbcde,-0.8737821968146118,-0.33244582859390026
c29c80d9-1228-4245-81e7-2c06b4d4c712,-0.03218983717716832,0.6145702634133364
c3137e0e-d553-471d-bdf7-c51f76c74cc3,0.7092810733273951,0.7052583057410765
c38e473f-ab8d-4689-92fc-a25d3807dedd,0.3378945802383162,0.6046485917645786
c49e8628-ebb9-40fe-ab6b-fcf5df2f3225,0.9249688138411575,-0.10343098445007945
c4bbfbfe-bed0-4997-b929-e709391bf5ce,-0.9652141371144138,-0.18933156843533575
c4cf9801-c990-4539-921d-4464ebbdde4c,-0.32821872368792737,-0.19442235435859195
c4d7eadb-9544-4d70-a50c-73c40c951880,0.39983266076418744,-0.482249227775145
c534d1e6-2fa6-4a83-a3ae-10175c68a83a,-0.06355655229318953,0.34955038108935416
c5b0c10f-5945-4c86-b52f-eb17e87fe8a3,0.5482149000260217,0.35983300386827777
c5c4b37e-d06f-4b9f-8dce-abf6770d695e,0.5351072340746144,0.18978804317017547
c5cc2e28-6984-467b-bbae-d07fde25d6f7,-0.36331583865088224,0.38226268570127697
c5e596a3-5b6c-4747-aa12-21abebbff587,0.19107582793491745,0.6944561861195399
c6b20c92-f6da-474e-adc7-46d72a781cd6,0.8838081049211283,-0.3328837679433487
c6ba5641-a2c4-4a30-b6f7-5ba21c07369f,0.342961552145053,-0.43001837387850683
c6e1ab70-ce85-452a-83a4-2762de0f7cf4,-0.6090193205470104,0.06906006876467817
c7013ebe-cbfb-484a-8755-0639f3681bab,0.20766610742452818,-0.5334581065892284
c7eb5da7-4ada-4275-a753-d0a77a83aea0,0.21041753530794716,0.2985041665442184
c82c2fcd-90e8-4de6-b23d-f28c2af907d6,0.7618930264736966,-0.58509754970745
c8708b45-0c96-4fb0-8d4e-ad04e9f235c6,-0.23812449333264546,0.3293962145275965
c8ba641a-873b-44bb-86a9-4fd62c35d7eb,0.7920780548667148,-0.494689394927781
c8c72b4d-69d4-4c19-a9f6-5bc938489395,0.28920484606177993,1.0270151522834343
c91194a7-f117-46bd-8668-ead62ee695e3,-1.024810577487193,-0.26572373787919407
c9d36331-3c53-4069-a01d-a92996d423b7,0.43863404127626693,-0.17178160857760058
ca377f99-a5a7-4113-8ef8-3cb34ad30685,-0.30614947473087356,-0.0883139011251417
ca46c634-23d9-4f50-9378-84c2ec6559ea,-0.43930985017858476,0.18535804190735647
ca486ec0-0099-45ca-9019-12cfc956f1c4,0.21933286975296928,0.7007715047063711
cab01cff-5f0f-4615-8324-d62b5edd3671,0.527470558289235,-0.522208866101529
cabc06b6-46fe-401d-b242-bdff84e96e1a,0.13773339911029175,0.8732084715434107
cb1dbb92-1d54-4b5e-b136-61bbe9fe6cff,-0.09471476884578284,0.3416478303400668
cb3c1ff9-7f47-46ef-b7ed-5a66ca95e529,-0.00325415447853839,0.7079024217659897
cbc813a8-0730-449e-a2aa-2f25bf9e24c1,-0.07862303712973112,-0.03869184255795787
cc54ec7c-b9ab-428e-97ad-ba75b365d1e7,0.7070202133462814,-0.10215996239463325
cc78a81b-0d15-4478-967d-4dbfbdeeb0ed,0.14414916505393807,0.7503330775914911
ccd4762b-4908-4613-8e77-4a8c57c98fe0,0.9495549350223992,0.10566834182030992
cd021fe0-c896-4a8e-8e3e-03be248a419b,-0.4518421627545978,0.5234882769619833
cd48cfdc-843e-4259-bfa6-d72bf4490c32,-0.27542218815315306,0.7771942504792265
cd54b1b5-6234-4676-8bdf-52def8db8f2d,0.5990126892659081,0.6646062858552495
cd69f8ec-64e8-4eb7-8f7e-fa2459ae32e5,0.46341239643441456,-0.47566037122763516
cd892d57-b456-4a05-9cd2-565f2c836c7f,0.18998323106340023,0.26228989240371714
cdca319d-899a-4ce9-b10b-f0cab123172e,0.34425576701901234,0.15091308376865828
ce708df3-86a4-42af-ac7d-8d5201248995,0.07977126520860052,-0.5493684760642255
cee2850d-f111-472d-af1d-37cf7e672b6b,-0.03314782704093211,-0.4418660574195674
cf2a5933-e3b3-469c-bb1c-4e05fd738d94,0.22415653142223604,0.37883549909625364
cf696b4b-ab7f-4569-a148-8759e0bf8f0e,0.36408619606515724,0.54966345864223
cf6da4e6-9f96-48f7-9280-765813ec28ad,-0.46824576066527124,0.7673402485674482
cf94a193-dad4-426b-a073-a78f3f8a3be0,0.058491547196291155,-0.7879450747223635
cfc1eadb-6579-46d9-8cb9-a118142e5db2,-0.11327183999973989,-0.15858404794016115
cfd1c1be-711d-4704-ba95-3513cab4243e,-0.43019787275955523,-0.8689657485474888
d0326670-6784-4ae6-8df7-84eb7cf2bb24,0.30502563744097894,-0.22249941490451508
d0773eca-715b-46ee-bbe1-148a2d24e187,0.7194383472185439,-0.3676109620315918
d11f5de5-c352-4153-8c41-fe2d3a683d9f,-0.9873291074443448,-0.21079167915111782
d1b61ccb-f95b-4f13-aa64-650a5351dd1f,-0.3726727536878509,0.7339930782351718
d1c1ef20-d094-4a76-a55e-8df32c861554,-0.29047150119577064,0.8375360952874575
d25343aa-2fc5-45b0-8dca-b35b18884788,0.7778035173202968,-0.35477206288105334
d26d12da-df7b-45f5-8cde-15c1b4cfddc3,0.4542311598589483,0.5715360701907165
d32e6ace-9df4-4db7-b1db-948ed8c967fb,-0.15870901229894943,0.7802376310036065
d34062c0-9d19-4671-8737-a6e550314483,0.028452337467037195,0.21742744511873902
d3ba90ed-64a2-4cd7-93d0-126138c0ed97,-0.9910387206645337,0.13224234341489274
d3cefed7-c8a2-4e6c-b5de-be5371c864c1,0.5175078912083599,0.7358441497237355
d419fcc4-0040-4f2b-90f7-4613720fbbd0,-0.24691879600411962,-0.18215871671171155
d4cd3c3e-d0e6-48be-9f4d-71b53820ccf8,-0.025099161622524936,-0.7046267988214202
d4db5a21-ff38-47ee-8818-b1eaadec6e82,-0.40281391306933856,-0.17906610251787564
d5268f9e-3372-479b-aecf-7b5e1db35033,-0.45513045971157307,0.056082841370196965
d52ebb2f-6ab4-4cd8-96c4-8dd112fe86b0,-0.28349532836165087,-0.14373464786229379
d539003f-fa1f-43fd-bb2f-2c5ecc0b34ea,0.045204353745330064,-0.6068339273631554
d716915d-759c-4ecd-9391-80a85e2bcf9c,-0.22819601577215037,0.3462039679665967
d731cea5-bad1-4bb0-a645-10d5b88b8a8f,0.025391070378021543,0.7598477849693219
d85697cc-ac97-43bc-b3ae-2e742f6270c5,-0.9696385229000817,-0.24111978000267162
d88099b3-b4e2-455e-a763-cb5af861f081,-0.3483145121042843,-0.6311268820465759
d8a6b4bc-ff3e-4d4f-9cfc-2814b47e7c82,-0.15416479328511593,-0.6203900551811555
d8b44dcd-0538-4068-91bc-987a4d20bfa2,0.05762008923430495,0.8224915540798604
d8ed5059-9eb1-4992-b4c9-c06d367ccc50,0.863297334666431,-0.6785400934938063
da0244cd-7600-4b4a-839b-90156ecf990f,0.4781040141342531,-0.7195846361501036
da5e7118-c973-479b-aead-8911e45fbadd,0.7862209895552501,0.7365978878355758
da6bd13c-7f45-4b57-afcb-fe9f72719a11,0.29625624266210854,0.5444395286524722
da89f3fe-5d5f-4e4d-b032-9b0b19d79c1f,-0.07541572142684136,-0.22918792511976047
daa2cb7e-062e-4e89-a69a-2392a7efac0d,0.5358548078024944,0.03816385875711151
daad7c46-ca1b-47fc-867b-248815e92e1d,-0.3060207501925354,-0.4636199592038784
db4e94a0-48e4-42fe-86c3-17b5113659c6,0.09358589756815709,0.6228821620529237
db57c17d-0cb7-4048-8e95-74d969d8b7a7,-0.9226479125712286,-0.3567575191261228
db6be4c9-4870-45dd-a318-cc49ebe7b0eb,0.1768200154704325,0.40835331250070334
db71c33e-124b-4cb7-ba96-67fb4ebf6bca,-0.5335150058736563,0.18345913306402228
db88cd41-be1c-4fa8-8386-2814e758d921,0.09471327686759377,0.2333847846270786
dc256110-8a5e-4990-a627-99209b8ffe37,-0.5439053916235156,0.11580281434174712
dca15cab-923f-4488-8f8f-0fcda873ebb5,-0.8137667131916022,-0.18015469682076365
dcc339ef-d860-4bc0-803c-6a7742bbf047,-0.8410579217418144,-0.32524824571975547
dd06b0b8-1df5-40bf-bd02-cec373a1b101,0.5751570163807649,-0.7756183728163842
dd5e1619-2638-4d2b-8f27-e1c68fdbdcc9,0.8476546196939154,-0.6919552936188035
dd949654-e8d7-43f6-b9da-94bae0939e36,0.8866469357068291,0.685530360661294
dda273e1-f123-45c4-b15a-078b151f728b,0.7569142394508294,-0.32962150271525487
ddc5161c-3ed3-4678-8aa1-57e0ad1b10a3,0.49699989975711484,0.2524075909810484
de0f543c-0256-4c66-8f54-ffa130b1e500,0.007026106260616247,0.5390605143564158
de16c0e4-116c-436f-a7d5-6f7899d2c536,0.3028871480883548,-0.5095841879931169
de389a46-acb2-4f1b-aa1c-3d2e952563ef,-0.17890007531326518,0.2231243309342303
deb6ab52-8271-4270-819a-fdf03cafa0b5,0.0051993372178491875,-0.33181537751937334
def3eecf-7b04-48b1-9255-488f8ada1f3d,0.5302950013902163,0.776290609737651
df145db0-8d57-46de-ae9f-c1e075da5053,-0.35031046338663596,0.7842517046880126
df299914-b847-4b3b-9407-d3f362c3be31,-0.8101551074979682,-0.1645907912488662
e0109758-0356-45a0-a329-fd1b8ea3e73d,0.6937244817772091,0.7754917155771777
e0157013-457a-432e-a1be-9a2a7e2f9979,-0.14522839224410147,-0.6486279289257643
e015db4e-cd36-495e-aefe-8ac692b394b7,0.8286233017299145,-0.1415783465617059
e0704985-f98e-4321-9a6a-151af32c7eda,-0.07663610214707457,0.930702595563463
e0be6b5e-e907-41ee-9373-4eba5accd48a,0.804103496213771,-0.16297992471800965
e0d03bb1-276c-42ca-b697-5413f19627c9,0.4766206338608508,-0.33334459492386903
e0de517b-880b-4a17-800f-4f8a0cda9b95,0.08795096345943965,0.4735158920427653
e133b80d-ab88-4b8e-937d-239136589dc9,0.8139345694622444,0.6915597968858271
e16e23f0-b71c-4616-b0e6-a061f524e01b,-0.4542549978755783,-0.12273109128856906
e183ea15-9017-4d38-b76d-f2f585bcf1b0,-0.17128463112902664,-0.47149670607603783
e1cd34ee-4b55-48be-ac2c-517ad8b4ab50,0.1327802907100534,0.5338117595041681
e23fe583-4133-4c51-b5f3-1c5e9a686351,-0.2818212607860884,0.193121349671983
e26816c2-0757-4b64-88ce-e915e5aaa31b,0.22754772441867047,-0.5380661426438782
e28141f3-b863-41d0-a432-f4dc0ca3bf16,0.29074864096690195,-0.7455261648377691
e2dbb002-abdf-4c7a-87a1-36cca646a17f,-0.5703028197291551,0.4098362530385353
e2f9a190-1a67-4b57-ad75-be7a91970055,-0.18680532774861025,-0.6269089713838543
e3ac0ee1-dbd7-4d62-94d4-b43ed049efa8,-0.5552130847283461,-0.12984568969032395
e405d1dc-a89a-4ab3-8097-6e112b732325,-1.028416959853789,-0.18484392563820848
e497a6d3-0d0f-49b8-858a-8360491e6121,0.5735382824278961,0.1537320785398914
e596d5b0-9881-453f-976f-95684f0f6b20,-0.16857063434809258,-0.6653665677033133
e5fe882a-4386-4797-b86f-fc7b5aa00793,0.48374446695947787,0.11337353010853637
e640609e-ba15-4750-995c-cc8bebf4507a,0.14493049443632483,-0.5293457034640898
e6f21551-6eb7-4459-947d-840e931cb4b8,-0.07353613106797044,0.665266598899071
e757575d-7c5f-4fe3-94d2-2f6f332bbbe6,0.8021443141026634,0.325014560807588
e77a30fd-296d-478b-94b5-7d09d618bf29,-0.37126249997982963,-0.6201030535221955
e798185a-e933-41e7-8073-0a0410a9b389,0.5357149554068648,0.22614554438247958
e8d20e36-9e08-47d8-9eea-447fc0d7eff4,0.3765276034580043,0.15600752277159807
e8d5dc22-0de4-4956-aa90-d1cc41a4ac51,0.6518335763039541,-0.5131794729186386
e8f98ab9-dc40-4853-afb5-d82efad486c4,-0.516186386448873,-0.6201234016076683
e9329feb-ed52-4bdc-8ff9-17d22ce2e5af,0.7392663077081493,-0.5144316838019974
e9388d8a-4140-4cc5-a4cd-f126ad58b012,0.9154712701991538,-0.17567083527261743
e95582df-a695-451e-b464-d1e2760a2ef9,0.18055972185356747,-0.5599087389544364
e960abd0-7642-47e1-af52-24dc5567f14f,-0.32450562587563164,0.7548621188155911
ea381cff-9698-4d60-8bf1-288e7529c7a1,0.9158645825713969,-0.5406459408410837
ea3aef67-2907-44e3-8daf-01b6b17d4f08,0.5497894606272438,0.025521070697967694
ea4d47c4-b3b6-4f9f-978c-aaa29680f580,0.33047381566360606,-0.6076650152534766
ea832f3e-fe50-41ab-bf69-afd8b5228702,-0.4169993404713351,0.6782629378566369
eaaab80a-71de-42b3-a22e-cc5602d1193c,0.7613257930057752,-0.4914980420200844
eb66d779-cf90-4fbc-bcf1-13f086266e95,-0.03750815365254589,-0.26466389865939255
eb93f7cf-9bb1-40ff-9cd5-4931abc2e352,0.7802299043850258,0.7025855857642673
ebcf5b60-bf2a-40bf-9342-43542588cf14,-0.25023748412948443,0.6475729646507034
ec1426c1-72fd-4d71-bd33-b15c8137f98c,-0.30150870086631393,0.01643698703478392
ec7cc88c-38ee-4694-9fcd-5c828fa7a6f0,-0.9884245128841157,0.19701356473215056
ecdd0ebe-ee7f-4066-af14-b78383bb78fb,-0.6406448638289494,0.3671512114247725
ed486219-d603-4b5a-9abb-4ec242de1e55,-0.8688340978830802,-0.025591110306460416
ed4b79c5-7367-492a-9676-e76b88d366ac,0.9063568697612734,-0.5765554952322732
edd9b6a8-68fc-4d7c-86fc-20a3f8e8f86c,-0.6003143151103857,-0.5478872142389171
ee12f017-5b9f-447e-b491-51738d8c479c,0.7689713911644813,-0.3143455384745337
ee1bd2f0-30fc-4a3f-a5a5-a58f3903e30c,0.6127959680816433,-0.3868149493150185
ee571c0e-da6e-4936-bd10-6120dd43113b,-0.04066309394020851,-0.006950423623412853
ee5e5bb9-3eca-4ce9-be72-74ac16cfddeb,0.2149070641003674,-0.09087137455983688
ee60dcbb-18a5-4330-a4c5-eb223d31fe4b,0.34675443347096124,0.30717859610594633
eeab0a44-4054-4df9-bbca-e71137cea219,0.9370818152903834,-0.1757182690594611
ef0734a3-3e37-47d2-9b8c-43c6ff5ea981,-0.5450622423684698,-0.5345676214113575
efac6902-7ccf-47ee-8897-5687dab178c5,-0.6634655138710644,0.22845574217233586
efc61299-c6e3-4ce0-90e2-eb5970c80d5f,-0.6874437200049033,0.12334511690370582
efd72316-4879-4ddf-92a1-5e5c71530af3,-0.6955844870838409,0.5017381477207795
effc4d86-9dda-4c2e-92e9-39297ecaf0dd,0.6011822049326427,0.6907778382240245
f017120d-978c-4e76-bef6-a2b3b0739b37,-0.459953887647284,-0.6121173965079784
f0269f43-ba66-4c85-8f28-8f0488a15ce7,-0.981240803953112,0.1839804660002393
f0628703-33df-4164-bd29-a33240faffec,0.6764331612346833,0.31586151297837456
f0bf021c-4ecd-4a2c-a5b5-dca5accc37e3,0.4283276657037502,0.06954403396289166
f1955599-44cd-4f1c-828c-b01610eacb41,0.9333432324448047,-0.06959518231048424
f1bc8aee-3eff-4127-98a8-7af6d9013859,0.6471324366271861,0.7188621197475384
f1c179ae-c131-4cca-b4a7-a4e3e1ed646a,0.49265626402981694,-0.7710648716422063
f2c60d56-6cff-4136-9f6b-2fbdca6f8c42,0.6637404714287763,-0.778138301988573
f309ef93-72c2-49a4-ac5a-e1aac58b4260,0.3436188896898298,0.5774470385333692
f348c62b-3993-49c1-bf7d-9d73c437f78a,0.09803555341594183,0.029691711557586875
f3605915-422e-46ca-9272-37770d961e02,0.7956804405568884,-0.4689476434272497
f36a1e10-4359-4280-ab97-23eab6110c56,-0.5990369358918193,0.39536446762459526
f38567c2-96c4-4ead-8e44-66e135939a67,0.7520592733410403,0.31495916879995517
f412250b-68e5-453c-80cd-bc83c0168c8d,-0.3677509693682245,-0.445328144889318
f428515a-355f-44ba-a840-b331958a5f88,-0.4406738061364602,-0.4218013708739729
f4a46cdd-484f-473b-89e1-d05eec7c58ae,0.0516406423538216,0.48629325998028305
f4c8588a-3ed3-440f-a653-b4d4c434f127,-0.2325984555602224,0.07864761814989488
f505decf-0e2f-407c-953a-cb38592ad512,0.23489494380657125,0.3329072278110918
f547d652-8155-4269-94a2-867fbe4f2da9,0.23562100138319028,-0.4212108203081413
f56ef8b4-a4ff-459c-a79b-98b510f56a13,-0.3952235434415412,-0.3838591701104897
f598bec2-cadd-49a1-aa8d-7968f0cd5e08,0.07493525141340132,0.7649702028864442
f5dc8df6-d3d8-4543-abed-11574416c136,0.4295599340660558,-0.22809267765837118
f5f73c1c-985a-4398-a379-07d2b1bdd26b,-0.8520535172944332,-0.586768183225
f60e876b-9554-495a-b204-5e3f3817addc,0.4470090038910519,-0.7168185474766281
f6c9c490-a95a-4534-93d1-4d325f3d6cb2,0.5397307949774968,0.20932181440721795
f83fd1bd-5562-4627-bf26-98ac6fd9fbba,-0.8368774186410535,-0.1773111421060521
f87b0fb1-2103-4deb-9471-d4f33819b337,0.5491078523349617,0.17769962627385974
f87fa08f-b06f-4d64-8b37-c02d00814818,0.5979196568739265,0.7533191365507659
f8b2acb9-fcd9-4918-b048-1226b01b023f,0.9266938247666623,0.11215237595568664
f8bfc4df-4bac-4eb3-b9a3-d8a01b716acd,0.2570953282944819,0.09828573678379234
f8c189ca-6f9e-4c7e-bc12-9d3997112173,0.4760060384555432,-0.2559013279962934
f8de89c5-0862-4fe9-b12c-d1dc30e2e822,0.7847331586234242,-0.26626461237966254
f917e131-2e7f-412a-9f77-0ebb6565c639,0.24554029949555908,-0.08389436903012591
f91f02b8-6f7b-4167-88fb-a574f9c459f4,-0.24183819471080767,-0.5662604518328294
f943ca4c-64de-455c-a434-b6cbe300a4e6,0.34064357007328266,-0.5553334068141951
f986a884-edf7-409a-9b82-e3812797e2df,0.7661785928279539,-0.10611503739994951
f9d85744-558b-429c-8312-2375b533b6d5,-0.4785146943905237,-0.1531687231138788
f9f43c69-28fa-4ae5-8884-0a9285ab4b7a,0.2309135755020295,-0.005526132275092009
fa439a1a-9305-42b6-a214-2b354ba86e41,-0.9443502315751044,-0.4188033384104811
fa4f25ee-24ff-453d-9120-fe724e05d6c6,-0.8889704889259713,-0.2004297945866946
fa6fd644-8b0e-4f1b-87ee-2e40e8f7c2bb,-0.19214295018986857,-0.5233781827076492
faa39032-4a10-4905-aed7-f143370d3a58,0.34097984271297277,0.49938148249251724
faac3a5a-626a-4975-a78f-04384c4f6d28,0.9204087478047094,0.1277638865974167
faf6b151-6bb4-44a5-b938-31613b51f7da,0.7859108766117442,0.6857006185795153
fb260111-fa18-4dbb-92e2-ccecfbca44f8,-0.758112935611865,-0.34166236318643645
fba1681b-c0e2-40d5-b01e-288bb925516c,-0.9737280641063298,-0.3821252077177424
fbbdcdf1-6f4b-433b-8d89-d81811c00cc9,0.3080608820009883,-0.587322063862918
fc4648de-d66a-47ae-af2f-71a7fbedc735,-0.28993176202194626,0.2475493780163251
fc88dcdc-09c7-4129-88f7-80d8e778262b,-0.6406230162445234,-0.1150683682686737
fc98e3d3-655e-4fca-bf54-283755ba50e1,0.22952079430645952,0.4002074819141058
fcae3a9e-52ad-401c-85c9-eb9eba60ee9c,-0.3766381291285271,0.7795990978044207
fd484b10-46c9-475f-901c-47a760cd0934,0.03647507513320631,-0.0008972333055473728
fd6ec75a-20ae-4f05-8f3a-4c5fc8e53184,0.5934787498181724,0.33931560024551605
fd76fff9-bf51-474f-9fbf-36836c851220,0.024490962921025164,0.5535163652599657
fdb8b70a-bc04-4680-b5a7-3a87e642a40f,-0.6221724951793617,0.18315860265335476
fdf9d02b-e33d-44ae-99b2-2bbd63fbd922,0.5207729223790912,-0.7864857031874416
fe92ada4-a0d9-4721-9a4f-c9b4e9e262f1,-0.5306215816524182,-0.11960309576658369
feb28739-f54c-498e-acfe-ad396d63aede,-0.3151628818501974,0.940248655067351
fecab037-8026-4e4a-b731-5f7af318a2ea,-0.3989486356288372,-0.6381233390744341
fee0c5c1-d53d-4b3f-8ff1-bfe9a769a0ed,0.4767454976870611,-0.10587017742609382
ff0e7e9b-7152-4513-b89d-ab30973ab8e8,0.25204239494679864,0.38310482907601673
ff7d069b-d007-46eb-9457-dcccb6f7fdfa,-0.936907583727665,-0.2732821981337934
ffb5bebb-25a9-41f2-9c13-25062ba95760,-0.2912792797648957,-0.2646933895667069
ffd5d02e-b496-4e23-8a76-1f33862cca1e,-0.808464800734701,-0.03029529520248387